path,place,split,target,scene,x,y
data/processed/multiplace/delhi/delhi_00000.npy,delhi,train,0.19278599321842194,S2A_MSIL2A_20260306T053251_R105_T43RGM_20260310T110618,0,0
data/processed/multiplace/delhi/delhi_00001.npy,delhi,train,0.35745131969451904,S2A_MSIL2A_20260306T053251_R105_T43RGM_20260310T110618,256,0
data/processed/multiplace/delhi/delhi_00002.npy,delhi,train,0.37715715169906616,S2A_MSIL2A_20260306T053251_R105_T43RGM_20260310T110618,512,0
data/processed/multiplace/delhi/delhi_00003.npy,delhi,train,0.21359367668628693,S2A_MSIL2A_20260306T053251_R105_T43RGM_20260310T110618,768,0
data/processed/multiplace/delhi/delhi_00004.npy,delhi,train,0.31797292828559875,S2A_MSIL2A_20260306T053251_R105_T43RGM_20260310T110618,1024,0
data/processed/multiplace/delhi/delhi_00005.npy,delhi,train,0.38841578364372253,S2A_MSIL2A_20260306T053251_R105_T43RGM_20260310T110618,1280,0
data/processed/multiplace/delhi/delhi_00006.npy,delhi,train,0.37928444147109985,S2A_MSIL2A_20260306T053251_R105_T43RGM_20260310T110618,1536,0
data/processed/multiplace/delhi/delhi_00007.npy,delhi,train,0.33435389399528503,S2A_MSIL2A_20260306T053251_R105_T43RGM_20260310T110618,1792,0
data/processed/multiplace/delhi/delhi_00008.npy,delhi,train,0.16484077274799347,S2A_MSIL2A_20260306T053251_R105_T43RGM_20260310T110618,2048,0
data/processed/multiplace/delhi/delhi_00009.npy,delhi,train,0.2992587685585022,S2A_MSIL2A_20260306T053251_R105_T43RGM_20260310T110618,2304,0
data/processed/multiplace/delhi/delhi_00010.npy,delhi,train,0.32915204763412476,S2A_MSIL2A_20260306T053251_R105_T43RGM_20260310T110618,2560,0
data/processed/multiplace/delhi/delhi_00011.npy,delhi,train,0.326905220746994,S2A_MSIL2A_20260306T053251_R105_T43RGM_20260310T110618,2816,0
data/processed/multiplace/delhi/delhi_00012.npy,delhi,train,0.3906550109386444,S2A_MSIL2A_20260306T053251_R105_T43RGM_20260310T110618,3072,0
data/processed/multiplace/delhi/delhi_00013.npy,delhi,train,0.23453989624977112,S2A_MSIL2A_20260306T053251_R105_T43RGM_20260310T110618,0,256
data/processed/multiplace/delhi/delhi_00014.npy,delhi,train,0.25261643528938293,S2A_MSIL2A_20260306T053251_R105_T43RGM_20260310T110618,256,256
data/processed/multiplace/delhi/delhi_00015.npy,delhi,train,0.30556097626686096,S2A_MSIL2A_20260306T053251_R105_T43RGM_20260310T110618,512,256
data/processed/multiplace/delhi/delhi_00016.npy,delhi,train,0.13506534695625305,S2A_MSIL2A_20260306T053251_R105_T43RGM_20260310T110618,768,256
data/processed/multiplace/delhi/delhi_00017.npy,delhi,train,0.16315530240535736,S2A_MSIL2A_20260306T053251_R105_T43RGM_20260310T110618,1024,256
data/processed/multiplace/delhi/delhi_00018.npy,delhi,train,0.16384227573871613,S2A_MSIL2A_20260306T053251_R105_T43RGM_20260310T110618,1280,256
data/processed/multiplace/delhi/delhi_00019.npy,delhi,train,0.29576942324638367,S2A_MSIL2A_20260306T053251_R105_T43RGM_20260310T110618,1536,256
data/processed/multiplace/delhi/delhi_00020.npy,delhi,train,0.23072707653045654,S2A_MSIL2A_20260306T053251_R105_T43RGM_20260310T110618,1792,256
data/processed/multiplace/delhi/delhi_00021.npy,delhi,train,0.143736332654953,S2A_MSIL2A_20260306T053251_R105_T43RGM_20260310T110618,2048,256
data/processed/multiplace/delhi/delhi_00022.npy,delhi,train,0.170698881149292,S2A_MSIL2A_20260306T053251_R105_T43RGM_20260310T110618,2304,256
data/processed/multiplace/delhi/delhi_00023.npy,delhi,train,0.289477676153183,S2A_MSIL2A_20260306T053251_R105_T43RGM_20260310T110618,2560,256
data/processed/multiplace/delhi/delhi_00024.npy,delhi,train,0.3185150921344757,S2A_MSIL2A_20260306T053251_R105_T43RGM_20260310T110618,2816,256
data/processed/multiplace/delhi/delhi_00025.npy,delhi,train,0.36250633001327515,S2A_MSIL2A_20260306T053251_R105_T43RGM_20260310T110618,3072,256
data/processed/multiplace/delhi/delhi_00026.npy,delhi,train,0.18894962966442108,S2A_MSIL2A_20260306T053251_R105_T43RGM_20260310T110618,0,512
data/processed/multiplace/delhi/delhi_00027.npy,delhi,train,0.16298459470272064,S2A_MSIL2A_20260306T053251_R105_T43RGM_20260310T110618,256,512
data/processed/multiplace/delhi/delhi_00028.npy,delhi,train,0.18123860657215118,S2A_MSIL2A_20260306T053251_R105_T43RGM_20260310T110618,512,512
data/processed/multiplace/delhi/delhi_00029.npy,delhi,train,0.1402493715286255,S2A_MSIL2A_20260306T053251_R105_T43RGM_20260310T110618,768,512
data/processed/multiplace/delhi/delhi_00030.npy,delhi,train,0.14491146802902222,S2A_MSIL2A_20260306T053251_R105_T43RGM_20260310T110618,1024,512
data/processed/multiplace/delhi/delhi_00031.npy,delhi,train,0.10841120779514313,S2A_MSIL2A_20260306T053251_R105_T43RGM_20260310T110618,1280,512
data/processed/multiplace/delhi/delhi_00032.npy,delhi,train,0.21771618723869324,S2A_MSIL2A_20260306T053251_R105_T43RGM_20260310T110618,1536,512
data/processed/multiplace/delhi/delhi_00033.npy,delhi,train,0.2702493667602539,S2A_MSIL2A_20260306T053251_R105_T43RGM_20260310T110618,1792,512
data/processed/multiplace/delhi/delhi_00034.npy,delhi,train,0.11633599549531937,S2A_MSIL2A_20260306T053251_R105_T43RGM_20260310T110618,2048,512
data/processed/multiplace/delhi/delhi_00035.npy,delhi,train,0.0909171998500824,S2A_MSIL2A_20260306T053251_R105_T43RGM_20260310T110618,2304,512
data/processed/multiplace/delhi/delhi_00036.npy,delhi,train,0.23450668156147003,S2A_MSIL2A_20260306T053251_R105_T43RGM_20260310T110618,2560,512
data/processed/multiplace/delhi/delhi_00037.npy,delhi,train,0.29737555980682373,S2A_MSIL2A_20260306T053251_R105_T43RGM_20260310T110618,2816,512
data/processed/multiplace/delhi/delhi_00038.npy,delhi,train,0.3184613883495331,S2A_MSIL2A_20260306T053251_R105_T43RGM_20260310T110618,3072,512
data/processed/multiplace/delhi/delhi_00039.npy,delhi,train,0.13768042623996735,S2A_MSIL2A_20260306T053251_R105_T43RGM_20260310T110618,0,768
data/processed/multiplace/delhi/delhi_00040.npy,delhi,train,0.11654140800237656,S2A_MSIL2A_20260306T053251_R105_T43RGM_20260310T110618,256,768
data/processed/multiplace/delhi/delhi_00041.npy,delhi,train,0.18158026039600372,S2A_MSIL2A_20260306T053251_R105_T43RGM_20260310T110618,512,768
data/processed/multiplace/delhi/delhi_00042.npy,delhi,train,0.19737276434898376,S2A_MSIL2A_20260306T053251_R105_T43RGM_20260310T110618,768,768
data/processed/multiplace/delhi/delhi_00043.npy,delhi,train,0.14023330807685852,S2A_MSIL2A_20260306T053251_R105_T43RGM_20260310T110618,1024,768
data/processed/multiplace/delhi/delhi_00044.npy,delhi,train,0.2163708209991455,S2A_MSIL2A_20260306T053251_R105_T43RGM_20260310T110618,1280,768
data/processed/multiplace/delhi/delhi_00045.npy,delhi,train,0.17994260787963867,S2A_MSIL2A_20260306T053251_R105_T43RGM_20260310T110618,1536,768
data/processed/multiplace/delhi/delhi_00046.npy,delhi,train,0.20079022645950317,S2A_MSIL2A_20260306T053251_R105_T43RGM_20260310T110618,1792,768
data/processed/multiplace/delhi/delhi_00047.npy,delhi,train,0.06948047876358032,S2A_MSIL2A_20260306T053251_R105_T43RGM_20260310T110618,2048,768
data/processed/multiplace/delhi/delhi_00048.npy,delhi,train,0.06700435280799866,S2A_MSIL2A_20260306T053251_R105_T43RGM_20260310T110618,2304,768
data/processed/multiplace/delhi/delhi_00049.npy,delhi,train,0.1084817498922348,S2A_MSIL2A_20260306T053251_R105_T43RGM_20260310T110618,2560,768
data/processed/multiplace/delhi/delhi_00050.npy,delhi,train,0.23221752047538757,S2A_MSIL2A_20260306T053251_R105_T43RGM_20260310T110618,2816,768
data/processed/multiplace/delhi/delhi_00051.npy,delhi,train,0.3064539432525635,S2A_MSIL2A_20260306T053251_R105_T43RGM_20260310T110618,3072,768
data/processed/multiplace/delhi/delhi_00052.npy,delhi,train,0.08211426436901093,S2A_MSIL2A_20260306T053251_R105_T43RGM_20260310T110618,0,1024
data/processed/multiplace/delhi/delhi_00053.npy,delhi,train,0.15526895225048065,S2A_MSIL2A_20260306T053251_R105_T43RGM_20260310T110618,256,1024
data/processed/multiplace/delhi/delhi_00054.npy,delhi,train,0.17626947164535522,S2A_MSIL2A_20260306T053251_R105_T43RGM_20260310T110618,512,1024
data/processed/multiplace/delhi/delhi_00055.npy,delhi,train,0.13861414790153503,S2A_MSIL2A_20260306T053251_R105_T43RGM_20260310T110618,768,1024
data/processed/multiplace/delhi/delhi_00056.npy,delhi,train,0.1630564033985138,S2A_MSIL2A_20260306T053251_R105_T43RGM_20260310T110618,1024,1024
data/processed/multiplace/delhi/delhi_00057.npy,delhi,train,0.17122910916805267,S2A_MSIL2A_20260306T053251_R105_T43RGM_20260310T110618,1280,1024
data/processed/multiplace/delhi/delhi_00058.npy,delhi,train,0.21334002912044525,S2A_MSIL2A_20260306T053251_R105_T43RGM_20260310T110618,1536,1024
data/processed/multiplace/delhi/delhi_00059.npy,delhi,train,0.3285287022590637,S2A_MSIL2A_20260306T053251_R105_T43RGM_20260310T110618,1792,1024
data/processed/multiplace/delhi/delhi_00060.npy,delhi,train,0.07235991209745407,S2A_MSIL2A_20260306T053251_R105_T43RGM_20260310T110618,2048,1024
data/processed/multiplace/delhi/delhi_00061.npy,delhi,train,0.11497434973716736,S2A_MSIL2A_20260306T053251_R105_T43RGM_20260310T110618,2304,1024
data/processed/multiplace/delhi/delhi_00062.npy,delhi,train,0.1258925050497055,S2A_MSIL2A_20260306T053251_R105_T43RGM_20260310T110618,2560,1024
data/processed/multiplace/delhi/delhi_00063.npy,delhi,train,0.11668261885643005,S2A_MSIL2A_20260306T053251_R105_T43RGM_20260310T110618,2816,1024
data/processed/multiplace/delhi/delhi_00064.npy,delhi,train,0.2006179392337799,S2A_MSIL2A_20260306T053251_R105_T43RGM_20260310T110618,3072,1024
data/processed/multiplace/delhi/delhi_00065.npy,delhi,train,0.09270802140235901,S2A_MSIL2A_20260306T053251_R105_T43RGM_20260310T110618,0,1280
data/processed/multiplace/delhi/delhi_00066.npy,delhi,train,0.16000835597515106,S2A_MSIL2A_20260306T053251_R105_T43RGM_20260310T110618,256,1280
data/processed/multiplace/delhi/delhi_00067.npy,delhi,train,0.16870595514774323,S2A_MSIL2A_20260306T053251_R105_T43RGM_20260310T110618,512,1280
data/processed/multiplace/delhi/delhi_00068.npy,delhi,train,0.14949558675289154,S2A_MSIL2A_20260306T053251_R105_T43RGM_20260310T110618,768,1280
data/processed/multiplace/delhi/delhi_00069.npy,delhi,train,0.132746160030365,S2A_MSIL2A_20260306T053251_R105_T43RGM_20260310T110618,1024,1280
data/processed/multiplace/delhi/delhi_00070.npy,delhi,train,0.1563500612974167,S2A_MSIL2A_20260306T053251_R105_T43RGM_20260310T110618,1280,1280
data/processed/multiplace/delhi/delhi_00071.npy,delhi,train,0.1657666712999344,S2A_MSIL2A_20260306T053251_R105_T43RGM_20260310T110618,1536,1280
data/processed/multiplace/delhi/delhi_00072.npy,delhi,train,0.21098344027996063,S2A_MSIL2A_20260306T053251_R105_T43RGM_20260310T110618,1792,1280
data/processed/multiplace/delhi/delhi_00073.npy,delhi,train,0.09576676040887833,S2A_MSIL2A_20260306T053251_R105_T43RGM_20260310T110618,2048,1280
data/processed/multiplace/delhi/delhi_00074.npy,delhi,train,0.09540416300296783,S2A_MSIL2A_20260306T053251_R105_T43RGM_20260310T110618,2304,1280
data/processed/multiplace/delhi/delhi_00075.npy,delhi,train,0.12741690874099731,S2A_MSIL2A_20260306T053251_R105_T43RGM_20260310T110618,2560,1280
data/processed/multiplace/delhi/delhi_00076.npy,delhi,train,0.12466082721948624,S2A_MSIL2A_20260306T053251_R105_T43RGM_20260310T110618,2816,1280
data/processed/multiplace/delhi/delhi_00077.npy,delhi,train,0.11964153498411179,S2A_MSIL2A_20260306T053251_R105_T43RGM_20260310T110618,3072,1280
data/processed/multiplace/delhi/delhi_00078.npy,delhi,train,0.13130244612693787,S2A_MSIL2A_20260306T053251_R105_T43RGM_20260310T110618,0,1536
data/processed/multiplace/delhi/delhi_00079.npy,delhi,train,0.17008757591247559,S2A_MSIL2A_20260306T053251_R105_T43RGM_20260310T110618,256,1536
data/processed/multiplace/delhi/delhi_00080.npy,delhi,train,0.12123559415340424,S2A_MSIL2A_20260306T053251_R105_T43RGM_20260310T110618,512,1536
data/processed/multiplace/delhi/delhi_00081.npy,delhi,train,0.1414843201637268,S2A_MSIL2A_20260306T053251_R105_T43RGM_20260310T110618,768,1536
data/processed/multiplace/delhi/delhi_00082.npy,delhi,train,0.20800194144248962,S2A_MSIL2A_20260306T053251_R105_T43RGM_20260310T110618,1024,1536
data/processed/multiplace/delhi/delhi_00083.npy,delhi,train,0.1732310801744461,S2A_MSIL2A_20260306T053251_R105_T43RGM_20260310T110618,1280,1536
data/processed/multiplace/delhi/delhi_00084.npy,delhi,train,0.11448704451322556,S2A_MSIL2A_20260306T053251_R105_T43RGM_20260310T110618,1536,1536
data/processed/multiplace/delhi/delhi_00085.npy,delhi,train,0.19563329219818115,S2A_MSIL2A_20260306T053251_R105_T43RGM_20260310T110618,1792,1536
data/processed/multiplace/delhi/delhi_00086.npy,delhi,train,0.1653246432542801,S2A_MSIL2A_20260306T053251_R105_T43RGM_20260310T110618,2048,1536
data/processed/multiplace/delhi/delhi_00087.npy,delhi,train,0.12527884542942047,S2A_MSIL2A_20260306T053251_R105_T43RGM_20260310T110618,2304,1536
data/processed/multiplace/delhi/delhi_00088.npy,delhi,train,0.1430354118347168,S2A_MSIL2A_20260306T053251_R105_T43RGM_20260310T110618,2560,1536
data/processed/multiplace/delhi/delhi_00089.npy,delhi,train,0.1390007883310318,S2A_MSIL2A_20260306T053251_R105_T43RGM_20260310T110618,2816,1536
data/processed/multiplace/delhi/delhi_00090.npy,delhi,train,0.14508825540542603,S2A_MSIL2A_20260306T053251_R105_T43RGM_20260310T110618,3072,1536
data/processed/multiplace/delhi/delhi_00091.npy,delhi,train,0.09915696829557419,S2A_MSIL2A_20260306T053251_R105_T43RGM_20260310T110618,0,1792
data/processed/multiplace/delhi/delhi_00092.npy,delhi,train,0.15535570681095123,S2A_MSIL2A_20260306T053251_R105_T43RGM_20260310T110618,256,1792
data/processed/multiplace/delhi/delhi_00093.npy,delhi,train,0.16628558933734894,S2A_MSIL2A_20260306T053251_R105_T43RGM_20260310T110618,512,1792
data/processed/multiplace/delhi/delhi_00094.npy,delhi,train,0.20814187824726105,S2A_MSIL2A_20260306T053251_R105_T43RGM_20260310T110618,768,1792
data/processed/multiplace/delhi/delhi_00095.npy,delhi,train,0.32072633504867554,S2A_MSIL2A_20260306T053251_R105_T43RGM_20260310T110618,1024,1792
data/processed/multiplace/delhi/delhi_00096.npy,delhi,train,0.30454379320144653,S2A_MSIL2A_20260306T053251_R105_T43RGM_20260310T110618,1280,1792
data/processed/multiplace/delhi/delhi_00097.npy,delhi,train,0.19075898826122284,S2A_MSIL2A_20260306T053251_R105_T43RGM_20260310T110618,1536,1792
data/processed/multiplace/delhi/delhi_00098.npy,delhi,train,0.19462108612060547,S2A_MSIL2A_20260306T053251_R105_T43RGM_20260310T110618,1792,1792
data/processed/multiplace/delhi/delhi_00099.npy,delhi,train,0.26140981912612915,S2A_MSIL2A_20260306T053251_R105_T43RGM_20260310T110618,2048,1792
data/processed/multiplace/delhi/delhi_00100.npy,delhi,train,0.1329965442419052,S2A_MSIL2A_20260306T053251_R105_T43RGM_20260310T110618,2304,1792
data/processed/multiplace/delhi/delhi_00101.npy,delhi,train,0.13923437893390656,S2A_MSIL2A_20260306T053251_R105_T43RGM_20260310T110618,2560,1792
data/processed/multiplace/delhi/delhi_00102.npy,delhi,train,0.10601026564836502,S2A_MSIL2A_20260306T053251_R105_T43RGM_20260310T110618,2816,1792
data/processed/multiplace/delhi/delhi_00103.npy,delhi,train,0.14117594063282013,S2A_MSIL2A_20260306T053251_R105_T43RGM_20260310T110618,3072,1792
data/processed/multiplace/delhi/delhi_00104.npy,delhi,train,0.1452658772468567,S2A_MSIL2A_20260306T053251_R105_T43RGM_20260310T110618,0,2048
data/processed/multiplace/delhi/delhi_00105.npy,delhi,train,0.09578520059585571,S2A_MSIL2A_20260306T053251_R105_T43RGM_20260310T110618,256,2048
data/processed/multiplace/delhi/delhi_00106.npy,delhi,train,0.20108821988105774,S2A_MSIL2A_20260306T053251_R105_T43RGM_20260310T110618,512,2048
data/processed/multiplace/delhi/delhi_00107.npy,delhi,train,0.2783740758895874,S2A_MSIL2A_20260306T053251_R105_T43RGM_20260310T110618,768,2048
data/processed/multiplace/delhi/delhi_00108.npy,delhi,train,0.33202773332595825,S2A_MSIL2A_20260306T053251_R105_T43RGM_20260310T110618,1024,2048
data/processed/multiplace/delhi/delhi_00109.npy,delhi,train,0.28629034757614136,S2A_MSIL2A_20260306T053251_R105_T43RGM_20260310T110618,1280,2048
data/processed/multiplace/delhi/delhi_00110.npy,delhi,train,0.2558620274066925,S2A_MSIL2A_20260306T053251_R105_T43RGM_20260310T110618,1536,2048
data/processed/multiplace/delhi/delhi_00111.npy,delhi,train,0.27552834153175354,S2A_MSIL2A_20260306T053251_R105_T43RGM_20260310T110618,1792,2048
data/processed/multiplace/delhi/delhi_00112.npy,delhi,train,0.2212708741426468,S2A_MSIL2A_20260306T053251_R105_T43RGM_20260310T110618,2048,2048
data/processed/multiplace/delhi/delhi_00113.npy,delhi,train,0.21623876690864563,S2A_MSIL2A_20260306T053251_R105_T43RGM_20260310T110618,2304,2048
data/processed/multiplace/delhi/delhi_00114.npy,delhi,train,0.14007753133773804,S2A_MSIL2A_20260306T053251_R105_T43RGM_20260310T110618,2560,2048
data/processed/multiplace/delhi/delhi_00115.npy,delhi,train,0.17334327101707458,S2A_MSIL2A_20260306T053251_R105_T43RGM_20260310T110618,2816,2048
data/processed/multiplace/delhi/delhi_00116.npy,delhi,train,0.1509869396686554,S2A_MSIL2A_20260306T053251_R105_T43RGM_20260310T110618,3072,2048
data/processed/multiplace/delhi/delhi_00117.npy,delhi,train,0.2105676829814911,S2A_MSIL2A_20260306T053251_R105_T43RGM_20260310T110618,0,2304
data/processed/multiplace/delhi/delhi_00118.npy,delhi,train,0.15302367508411407,S2A_MSIL2A_20260306T053251_R105_T43RGM_20260310T110618,256,2304
data/processed/multiplace/delhi/delhi_00119.npy,delhi,train,0.23630279302597046,S2A_MSIL2A_20260306T053251_R105_T43RGM_20260310T110618,512,2304
data/processed/multiplace/delhi/delhi_00120.npy,delhi,train,0.2384239286184311,S2A_MSIL2A_20260306T053251_R105_T43RGM_20260310T110618,768,2304
data/processed/multiplace/delhi/delhi_00121.npy,delhi,train,0.2476235032081604,S2A_MSIL2A_20260306T053251_R105_T43RGM_20260310T110618,1024,2304
data/processed/multiplace/delhi/delhi_00122.npy,delhi,train,0.2071913480758667,S2A_MSIL2A_20260306T053251_R105_T43RGM_20260310T110618,1280,2304
data/processed/multiplace/delhi/delhi_00123.npy,delhi,train,0.18403121829032898,S2A_MSIL2A_20260306T053251_R105_T43RGM_20260310T110618,1536,2304
data/processed/multiplace/delhi/delhi_00124.npy,delhi,train,0.1758440136909485,S2A_MSIL2A_20260306T053251_R105_T43RGM_20260310T110618,1792,2304
data/processed/multiplace/delhi/delhi_00125.npy,delhi,train,0.21039965748786926,S2A_MSIL2A_20260306T053251_R105_T43RGM_20260310T110618,2048,2304
data/processed/multiplace/delhi/delhi_00126.npy,delhi,train,0.1985393613576889,S2A_MSIL2A_20260306T053251_R105_T43RGM_20260310T110618,2304,2304
data/processed/multiplace/delhi/delhi_00127.npy,delhi,train,0.14559294283390045,S2A_MSIL2A_20260306T053251_R105_T43RGM_20260310T110618,2560,2304
data/processed/multiplace/delhi/delhi_00128.npy,delhi,train,0.17310351133346558,S2A_MSIL2A_20260306T053251_R105_T43RGM_20260310T110618,2816,2304
data/processed/multiplace/delhi/delhi_00129.npy,delhi,train,0.14624261856079102,S2A_MSIL2A_20260306T053251_R105_T43RGM_20260310T110618,3072,2304
data/processed/multiplace/delhi/delhi_00130.npy,delhi,train,0.2009803056716919,S2A_MSIL2A_20260306T053251_R105_T43RGM_20260310T110618,0,2560
data/processed/multiplace/delhi/delhi_00131.npy,delhi,train,0.12426755577325821,S2A_MSIL2A_20260306T053251_R105_T43RGM_20260310T110618,256,2560
data/processed/multiplace/delhi/delhi_00132.npy,delhi,train,0.13905178010463715,S2A_MSIL2A_20260306T053251_R105_T43RGM_20260310T110618,512,2560
data/processed/multiplace/delhi/delhi_00133.npy,delhi,train,0.2536170184612274,S2A_MSIL2A_20260306T053251_R105_T43RGM_20260310T110618,768,2560
data/processed/multiplace/delhi/delhi_00134.npy,delhi,train,0.28439170122146606,S2A_MSIL2A_20260306T053251_R105_T43RGM_20260310T110618,1024,2560
data/processed/multiplace/delhi/delhi_00135.npy,delhi,train,0.25173333287239075,S2A_MSIL2A_20260306T053251_R105_T43RGM_20260310T110618,1280,2560
data/processed/multiplace/delhi/delhi_00136.npy,delhi,train,0.2229699343442917,S2A_MSIL2A_20260306T053251_R105_T43RGM_20260310T110618,1536,2560
data/processed/multiplace/delhi/delhi_00137.npy,delhi,train,0.18929564952850342,S2A_MSIL2A_20260306T053251_R105_T43RGM_20260310T110618,1792,2560
data/processed/multiplace/delhi/delhi_00138.npy,delhi,train,0.2116512656211853,S2A_MSIL2A_20260306T053251_R105_T43RGM_20260310T110618,2048,2560
data/processed/multiplace/delhi/delhi_00139.npy,delhi,train,0.17271721363067627,S2A_MSIL2A_20260306T053251_R105_T43RGM_20260310T110618,2304,2560
data/processed/multiplace/delhi/delhi_00140.npy,delhi,train,0.16855311393737793,S2A_MSIL2A_20260306T053251_R105_T43RGM_20260310T110618,2560,2560
data/processed/multiplace/delhi/delhi_00141.npy,delhi,train,0.15932238101959229,S2A_MSIL2A_20260306T053251_R105_T43RGM_20260310T110618,2816,2560
data/processed/multiplace/delhi/delhi_00142.npy,delhi,train,0.17578154802322388,S2A_MSIL2A_20260306T053251_R105_T43RGM_20260310T110618,3072,2560
data/processed/multiplace/delhi/delhi_00143.npy,delhi,train,0.23650726675987244,S2A_MSIL2A_20260306T053251_R105_T43RGM_20260310T110618,0,2816
data/processed/multiplace/delhi/delhi_00144.npy,delhi,train,0.21436116099357605,S2A_MSIL2A_20260306T053251_R105_T43RGM_20260310T110618,256,2816
data/processed/multiplace/delhi/delhi_00145.npy,delhi,train,0.20696163177490234,S2A_MSIL2A_20260306T053251_R105_T43RGM_20260310T110618,512,2816
data/processed/multiplace/delhi/delhi_00146.npy,delhi,train,0.2566971182823181,S2A_MSIL2A_20260306T053251_R105_T43RGM_20260310T110618,768,2816
data/processed/multiplace/delhi/delhi_00147.npy,delhi,train,0.28485167026519775,S2A_MSIL2A_20260306T053251_R105_T43RGM_20260310T110618,1024,2816
data/processed/multiplace/delhi/delhi_00148.npy,delhi,train,0.32738855481147766,S2A_MSIL2A_20260306T053251_R105_T43RGM_20260310T110618,1280,2816
data/processed/multiplace/delhi/delhi_00149.npy,delhi,train,0.2020978033542633,S2A_MSIL2A_20260306T053251_R105_T43RGM_20260310T110618,1536,2816
data/processed/multiplace/delhi/delhi_00150.npy,delhi,train,0.23228976130485535,S2A_MSIL2A_20260306T053251_R105_T43RGM_20260310T110618,1792,2816
data/processed/multiplace/delhi/delhi_00151.npy,delhi,train,0.1766970455646515,S2A_MSIL2A_20260306T053251_R105_T43RGM_20260310T110618,2048,2816
data/processed/multiplace/delhi/delhi_00152.npy,delhi,train,0.17397207021713257,S2A_MSIL2A_20260306T053251_R105_T43RGM_20260310T110618,2304,2816
data/processed/multiplace/delhi/delhi_00153.npy,delhi,train,0.19306406378746033,S2A_MSIL2A_20260306T053251_R105_T43RGM_20260310T110618,2560,2816
data/processed/multiplace/delhi/delhi_00154.npy,delhi,train,0.2417089194059372,S2A_MSIL2A_20260306T053251_R105_T43RGM_20260310T110618,2816,2816
data/processed/multiplace/delhi/delhi_00155.npy,delhi,train,0.20913204550743103,S2A_MSIL2A_20260306T053251_R105_T43RGM_20260310T110618,3072,2816
data/processed/multiplace/delhi/delhi_00156.npy,delhi,train,0.21761423349380493,S2A_MSIL2A_20260306T053251_R105_T43RGM_20260310T110618,0,3072
data/processed/multiplace/delhi/delhi_00157.npy,delhi,train,0.18617713451385498,S2A_MSIL2A_20260306T053251_R105_T43RGM_20260310T110618,256,3072
data/processed/multiplace/delhi/delhi_00158.npy,delhi,train,0.26104655861854553,S2A_MSIL2A_20260306T053251_R105_T43RGM_20260310T110618,512,3072
data/processed/multiplace/delhi/delhi_00159.npy,delhi,train,0.3059362769126892,S2A_MSIL2A_20260306T053251_R105_T43RGM_20260310T110618,768,3072
data/processed/multiplace/delhi/delhi_00160.npy,delhi,train,0.2682323753833771,S2A_MSIL2A_20260306T053251_R105_T43RGM_20260310T110618,1024,3072
data/processed/multiplace/delhi/delhi_00161.npy,delhi,train,0.2628670632839203,S2A_MSIL2A_20260306T053251_R105_T43RGM_20260310T110618,1280,3072
data/processed/multiplace/delhi/delhi_00162.npy,delhi,train,0.24859973788261414,S2A_MSIL2A_20260306T053251_R105_T43RGM_20260310T110618,1536,3072
data/processed/multiplace/delhi/delhi_00163.npy,delhi,train,0.11514963954687119,S2A_MSIL2A_20260306T053251_R105_T43RGM_20260310T110618,1792,3072
data/processed/multiplace/delhi/delhi_00164.npy,delhi,train,0.2767985463142395,S2A_MSIL2A_20260306T053251_R105_T43RGM_20260310T110618,2048,3072
data/processed/multiplace/delhi/delhi_00165.npy,delhi,train,0.15857140719890594,S2A_MSIL2A_20260306T053251_R105_T43RGM_20260310T110618,2304,3072
data/processed/multiplace/delhi/delhi_00166.npy,delhi,train,0.16009795665740967,S2A_MSIL2A_20260306T053251_R105_T43RGM_20260310T110618,2560,3072
data/processed/multiplace/delhi/delhi_00167.npy,delhi,train,0.17070986330509186,S2A_MSIL2A_20260306T053251_R105_T43RGM_20260310T110618,2816,3072
data/processed/multiplace/delhi/delhi_00168.npy,delhi,train,0.2441987842321396,S2A_MSIL2A_20260306T053251_R105_T43RGM_20260310T110618,3072,3072
data/processed/multiplace/delhi/delhi_00169.npy,delhi,train,0.18066492676734924,S2A_MSIL2A_20260306T053251_R105_T43RGM_20260310T110618,0,3328
data/processed/multiplace/delhi/delhi_00170.npy,delhi,train,0.15464308857917786,S2A_MSIL2A_20260306T053251_R105_T43RGM_20260310T110618,256,3328
data/processed/multiplace/delhi/delhi_00171.npy,delhi,train,0.22125652432441711,S2A_MSIL2A_20260306T053251_R105_T43RGM_20260310T110618,512,3328
data/processed/multiplace/delhi/delhi_00172.npy,delhi,train,0.2738415002822876,S2A_MSIL2A_20260306T053251_R105_T43RGM_20260310T110618,768,3328
data/processed/multiplace/delhi/delhi_00173.npy,delhi,train,0.2888641357421875,S2A_MSIL2A_20260306T053251_R105_T43RGM_20260310T110618,1024,3328
data/processed/multiplace/delhi/delhi_00174.npy,delhi,train,0.2661711275577545,S2A_MSIL2A_20260306T053251_R105_T43RGM_20260310T110618,1280,3328
data/processed/multiplace/delhi/delhi_00175.npy,delhi,train,0.29646527767181396,S2A_MSIL2A_20260306T053251_R105_T43RGM_20260310T110618,1536,3328
data/processed/multiplace/delhi/delhi_00176.npy,delhi,train,0.24869275093078613,S2A_MSIL2A_20260306T053251_R105_T43RGM_20260310T110618,1792,3328
data/processed/multiplace/delhi/delhi_00177.npy,delhi,train,0.3134194612503052,S2A_MSIL2A_20260306T053251_R105_T43RGM_20260310T110618,2048,3328
data/processed/multiplace/delhi/delhi_00178.npy,delhi,train,0.19987094402313232,S2A_MSIL2A_20260306T053251_R105_T43RGM_20260310T110618,2304,3328
data/processed/multiplace/delhi/delhi_00179.npy,delhi,train,0.11109249293804169,S2A_MSIL2A_20260306T053251_R105_T43RGM_20260310T110618,2560,3328
data/processed/multiplace/delhi/delhi_00180.npy,delhi,train,0.2054329365491867,S2A_MSIL2A_20260306T053251_R105_T43RGM_20260310T110618,2816,3328
data/processed/multiplace/delhi/delhi_00181.npy,delhi,train,0.35156041383743286,S2A_MSIL2A_20260306T053251_R105_T43RGM_20260310T110618,3072,3328
data/processed/multiplace/delhi/delhi_00182.npy,delhi,train,0.18043147027492523,S2A_MSIL2A_20260306T053251_R105_T43RGM_20260310T110618,0,3584
data/processed/multiplace/delhi/delhi_00183.npy,delhi,train,0.16762901842594147,S2A_MSIL2A_20260306T053251_R105_T43RGM_20260310T110618,256,3584
data/processed/multiplace/delhi/delhi_00184.npy,delhi,train,0.28186213970184326,S2A_MSIL2A_20260306T053251_R105_T43RGM_20260310T110618,512,3584
data/processed/multiplace/delhi/delhi_00185.npy,delhi,train,0.2526633143424988,S2A_MSIL2A_20260306T053251_R105_T43RGM_20260310T110618,768,3584
data/processed/multiplace/delhi/delhi_00186.npy,delhi,train,0.2781431972980499,S2A_MSIL2A_20260306T053251_R105_T43RGM_20260310T110618,1024,3584
data/processed/multiplace/delhi/delhi_00187.npy,delhi,train,0.22662778198719025,S2A_MSIL2A_20260306T053251_R105_T43RGM_20260310T110618,1280,3584
data/processed/multiplace/delhi/delhi_00188.npy,delhi,train,0.2820342481136322,S2A_MSIL2A_20260306T053251_R105_T43RGM_20260310T110618,1536,3584
data/processed/multiplace/delhi/delhi_00189.npy,delhi,train,0.24899332225322723,S2A_MSIL2A_20260306T053251_R105_T43RGM_20260310T110618,1792,3584
data/processed/multiplace/delhi/delhi_00190.npy,delhi,train,0.24406901001930237,S2A_MSIL2A_20260306T053251_R105_T43RGM_20260310T110618,2048,3584
data/processed/multiplace/delhi/delhi_00191.npy,delhi,train,0.21576818823814392,S2A_MSIL2A_20260306T053251_R105_T43RGM_20260310T110618,2304,3584
data/processed/multiplace/delhi/delhi_00192.npy,delhi,train,0.14230680465698242,S2A_MSIL2A_20260306T053251_R105_T43RGM_20260310T110618,2560,3584
data/processed/multiplace/delhi/delhi_00193.npy,delhi,train,0.34841388463974,S2A_MSIL2A_20260306T053251_R105_T43RGM_20260310T110618,2816,3584
data/processed/multiplace/delhi/delhi_00194.npy,delhi,train,0.3698522746562958,S2A_MSIL2A_20260306T053251_R105_T43RGM_20260310T110618,3072,3584
data/processed/multiplace/jaipur/jaipur_00000.npy,jaipur,train,0.32523882389068604,S2C_MSIL2A_20251204T053221_R105_T43REK_20251204T091915,0,0
data/processed/multiplace/jaipur/jaipur_00001.npy,jaipur,train,0.26671484112739563,S2C_MSIL2A_20251204T053221_R105_T43REK_20251204T091915,256,0
data/processed/multiplace/jaipur/jaipur_00002.npy,jaipur,train,0.2603430151939392,S2C_MSIL2A_20251204T053221_R105_T43REK_20251204T091915,512,0
data/processed/multiplace/jaipur/jaipur_00003.npy,jaipur,train,0.22698812186717987,S2C_MSIL2A_20251204T053221_R105_T43REK_20251204T091915,768,0
data/processed/multiplace/jaipur/jaipur_00004.npy,jaipur,train,0.2355336993932724,S2C_MSIL2A_20251204T053221_R105_T43REK_20251204T091915,1024,0
data/processed/multiplace/jaipur/jaipur_00005.npy,jaipur,train,0.23343898355960846,S2C_MSIL2A_20251204T053221_R105_T43REK_20251204T091915,1280,0
data/processed/multiplace/jaipur/jaipur_00006.npy,jaipur,train,0.2406163513660431,S2C_MSIL2A_20251204T053221_R105_T43REK_20251204T091915,1536,0
data/processed/multiplace/jaipur/jaipur_00007.npy,jaipur,train,0.2602631449699402,S2C_MSIL2A_20251204T053221_R105_T43REK_20251204T091915,1792,0
data/processed/multiplace/jaipur/jaipur_00008.npy,jaipur,train,0.2778005301952362,S2C_MSIL2A_20251204T053221_R105_T43REK_20251204T091915,2048,0
data/processed/multiplace/jaipur/jaipur_00009.npy,jaipur,train,0.3083912134170532,S2C_MSIL2A_20251204T053221_R105_T43REK_20251204T091915,2304,0
data/processed/multiplace/jaipur/jaipur_00010.npy,jaipur,train,0.3465341031551361,S2C_MSIL2A_20251204T053221_R105_T43REK_20251204T091915,2560,0
data/processed/multiplace/jaipur/jaipur_00011.npy,jaipur,train,0.3228420913219452,S2C_MSIL2A_20251204T053221_R105_T43REK_20251204T091915,2816,0
data/processed/multiplace/jaipur/jaipur_00012.npy,jaipur,train,0.2740258574485779,S2C_MSIL2A_20251204T053221_R105_T43REK_20251204T091915,3072,0
data/processed/multiplace/jaipur/jaipur_00013.npy,jaipur,train,0.36332952976226807,S2C_MSIL2A_20251204T053221_R105_T43REK_20251204T091915,3328,0
data/processed/multiplace/jaipur/jaipur_00014.npy,jaipur,train,0.30482980608940125,S2C_MSIL2A_20251204T053221_R105_T43REK_20251204T091915,0,256
data/processed/multiplace/jaipur/jaipur_00015.npy,jaipur,train,0.26399749517440796,S2C_MSIL2A_20251204T053221_R105_T43REK_20251204T091915,256,256
data/processed/multiplace/jaipur/jaipur_00016.npy,jaipur,train,0.2330617904663086,S2C_MSIL2A_20251204T053221_R105_T43REK_20251204T091915,512,256
data/processed/multiplace/jaipur/jaipur_00017.npy,jaipur,train,0.2512814402580261,S2C_MSIL2A_20251204T053221_R105_T43REK_20251204T091915,768,256
data/processed/multiplace/jaipur/jaipur_00018.npy,jaipur,train,0.2463836371898651,S2C_MSIL2A_20251204T053221_R105_T43REK_20251204T091915,1024,256
data/processed/multiplace/jaipur/jaipur_00019.npy,jaipur,train,0.2388053834438324,S2C_MSIL2A_20251204T053221_R105_T43REK_20251204T091915,1280,256
data/processed/multiplace/jaipur/jaipur_00020.npy,jaipur,train,0.2772267162799835,S2C_MSIL2A_20251204T053221_R105_T43REK_20251204T091915,1536,256
data/processed/multiplace/jaipur/jaipur_00021.npy,jaipur,train,0.27650898694992065,S2C_MSIL2A_20251204T053221_R105_T43REK_20251204T091915,1792,256
data/processed/multiplace/jaipur/jaipur_00022.npy,jaipur,train,0.2842313051223755,S2C_MSIL2A_20251204T053221_R105_T43REK_20251204T091915,2048,256
data/processed/multiplace/jaipur/jaipur_00023.npy,jaipur,train,0.3386055827140808,S2C_MSIL2A_20251204T053221_R105_T43REK_20251204T091915,2304,256
data/processed/multiplace/jaipur/jaipur_00024.npy,jaipur,train,0.32335391640663147,S2C_MSIL2A_20251204T053221_R105_T43REK_20251204T091915,2560,256
data/processed/multiplace/jaipur/jaipur_00025.npy,jaipur,train,0.3163169026374817,S2C_MSIL2A_20251204T053221_R105_T43REK_20251204T091915,2816,256
data/processed/multiplace/jaipur/jaipur_00026.npy,jaipur,train,0.2933698296546936,S2C_MSIL2A_20251204T053221_R105_T43REK_20251204T091915,3072,256
data/processed/multiplace/jaipur/jaipur_00027.npy,jaipur,train,0.3259963393211365,S2C_MSIL2A_20251204T053221_R105_T43REK_20251204T091915,3328,256
data/processed/multiplace/jaipur/jaipur_00028.npy,jaipur,train,0.2689301669597626,S2C_MSIL2A_20251204T053221_R105_T43REK_20251204T091915,0,512
data/processed/multiplace/jaipur/jaipur_00029.npy,jaipur,train,0.24517010152339935,S2C_MSIL2A_20251204T053221_R105_T43REK_20251204T091915,256,512
data/processed/multiplace/jaipur/jaipur_00030.npy,jaipur,train,0.2535485625267029,S2C_MSIL2A_20251204T053221_R105_T43REK_20251204T091915,512,512
data/processed/multiplace/jaipur/jaipur_00031.npy,jaipur,train,0.25466689467430115,S2C_MSIL2A_20251204T053221_R105_T43REK_20251204T091915,768,512
data/processed/multiplace/jaipur/jaipur_00032.npy,jaipur,train,0.26089492440223694,S2C_MSIL2A_20251204T053221_R105_T43REK_20251204T091915,1024,512
data/processed/multiplace/jaipur/jaipur_00033.npy,jaipur,train,0.25064677000045776,S2C_MSIL2A_20251204T053221_R105_T43REK_20251204T091915,1280,512
data/processed/multiplace/jaipur/jaipur_00034.npy,jaipur,train,0.2370290905237198,S2C_MSIL2A_20251204T053221_R105_T43REK_20251204T091915,1536,512
data/processed/multiplace/jaipur/jaipur_00035.npy,jaipur,train,0.27797460556030273,S2C_MSIL2A_20251204T053221_R105_T43REK_20251204T091915,1792,512
data/processed/multiplace/jaipur/jaipur_00036.npy,jaipur,train,0.26965513825416565,S2C_MSIL2A_20251204T053221_R105_T43REK_20251204T091915,2048,512
data/processed/multiplace/jaipur/jaipur_00037.npy,jaipur,train,0.3476957082748413,S2C_MSIL2A_20251204T053221_R105_T43REK_20251204T091915,2304,512
data/processed/multiplace/jaipur/jaipur_00038.npy,jaipur,train,0.2963964641094208,S2C_MSIL2A_20251204T053221_R105_T43REK_20251204T091915,2560,512
data/processed/multiplace/jaipur/jaipur_00039.npy,jaipur,train,0.2910987138748169,S2C_MSIL2A_20251204T053221_R105_T43REK_20251204T091915,2816,512
data/processed/multiplace/jaipur/jaipur_00040.npy,jaipur,train,0.2870442569255829,S2C_MSIL2A_20251204T053221_R105_T43REK_20251204T091915,3072,512
data/processed/multiplace/jaipur/jaipur_00041.npy,jaipur,train,0.3350517451763153,S2C_MSIL2A_20251204T053221_R105_T43REK_20251204T091915,3328,512
data/processed/multiplace/jaipur/jaipur_00042.npy,jaipur,train,0.2800546884536743,S2C_MSIL2A_20251204T053221_R105_T43REK_20251204T091915,0,768
data/processed/multiplace/jaipur/jaipur_00043.npy,jaipur,train,0.2600085735321045,S2C_MSIL2A_20251204T053221_R105_T43REK_20251204T091915,256,768
data/processed/multiplace/jaipur/jaipur_00044.npy,jaipur,train,0.2987896800041199,S2C_MSIL2A_20251204T053221_R105_T43REK_20251204T091915,512,768
data/processed/multiplace/jaipur/jaipur_00045.npy,jaipur,train,0.23568496108055115,S2C_MSIL2A_20251204T053221_R105_T43REK_20251204T091915,768,768
data/processed/multiplace/jaipur/jaipur_00046.npy,jaipur,train,0.2777250111103058,S2C_MSIL2A_20251204T053221_R105_T43REK_20251204T091915,1024,768
data/processed/multiplace/jaipur/jaipur_00047.npy,jaipur,train,0.3069268763065338,S2C_MSIL2A_20251204T053221_R105_T43REK_20251204T091915,1280,768
data/processed/multiplace/jaipur/jaipur_00048.npy,jaipur,train,0.23721450567245483,S2C_MSIL2A_20251204T053221_R105_T43REK_20251204T091915,1536,768
data/processed/multiplace/jaipur/jaipur_00049.npy,jaipur,train,0.22001369297504425,S2C_MSIL2A_20251204T053221_R105_T43REK_20251204T091915,1792,768
data/processed/multiplace/jaipur/jaipur_00050.npy,jaipur,train,0.30463188886642456,S2C_MSIL2A_20251204T053221_R105_T43REK_20251204T091915,2048,768
data/processed/multiplace/jaipur/jaipur_00051.npy,jaipur,train,0.3753536343574524,S2C_MSIL2A_20251204T053221_R105_T43REK_20251204T091915,2304,768
data/processed/multiplace/jaipur/jaipur_00052.npy,jaipur,train,0.33976954221725464,S2C_MSIL2A_20251204T053221_R105_T43REK_20251204T091915,2560,768
data/processed/multiplace/jaipur/jaipur_00053.npy,jaipur,train,0.26964420080184937,S2C_MSIL2A_20251204T053221_R105_T43REK_20251204T091915,2816,768
data/processed/multiplace/jaipur/jaipur_00054.npy,jaipur,train,0.28487628698349,S2C_MSIL2A_20251204T053221_R105_T43REK_20251204T091915,3072,768
data/processed/multiplace/jaipur/jaipur_00055.npy,jaipur,train,0.3099929690361023,S2C_MSIL2A_20251204T053221_R105_T43REK_20251204T091915,3328,768
data/processed/multiplace/jaipur/jaipur_00056.npy,jaipur,train,0.2482687383890152,S2C_MSIL2A_20251204T053221_R105_T43REK_20251204T091915,0,1024
data/processed/multiplace/jaipur/jaipur_00057.npy,jaipur,train,0.2563983201980591,S2C_MSIL2A_20251204T053221_R105_T43REK_20251204T091915,256,1024
data/processed/multiplace/jaipur/jaipur_00058.npy,jaipur,train,0.28937098383903503,S2C_MSIL2A_20251204T053221_R105_T43REK_20251204T091915,512,1024
data/processed/multiplace/jaipur/jaipur_00059.npy,jaipur,train,0.28710731863975525,S2C_MSIL2A_20251204T053221_R105_T43REK_20251204T091915,768,1024
data/processed/multiplace/jaipur/jaipur_00060.npy,jaipur,train,0.26535990834236145,S2C_MSIL2A_20251204T053221_R105_T43REK_20251204T091915,1024,1024
data/processed/multiplace/jaipur/jaipur_00061.npy,jaipur,train,0.16897042095661163,S2C_MSIL2A_20251204T053221_R105_T43REK_20251204T091915,1280,1024
data/processed/multiplace/jaipur/jaipur_00062.npy,jaipur,train,0.12704284489154816,S2C_MSIL2A_20251204T053221_R105_T43REK_20251204T091915,1536,1024
data/processed/multiplace/jaipur/jaipur_00063.npy,jaipur,train,0.2506147623062134,S2C_MSIL2A_20251204T053221_R105_T43REK_20251204T091915,1792,1024
data/processed/multiplace/jaipur/jaipur_00064.npy,jaipur,train,0.3502955138683319,S2C_MSIL2A_20251204T053221_R105_T43REK_20251204T091915,2048,1024
data/processed/multiplace/jaipur/jaipur_00065.npy,jaipur,train,0.31090933084487915,S2C_MSIL2A_20251204T053221_R105_T43REK_20251204T091915,2304,1024
data/processed/multiplace/jaipur/jaipur_00066.npy,jaipur,train,0.30939897894859314,S2C_MSIL2A_20251204T053221_R105_T43REK_20251204T091915,2560,1024
data/processed/multiplace/jaipur/jaipur_00067.npy,jaipur,train,0.2732034921646118,S2C_MSIL2A_20251204T053221_R105_T43REK_20251204T091915,2816,1024
data/processed/multiplace/jaipur/jaipur_00068.npy,jaipur,train,0.288534015417099,S2C_MSIL2A_20251204T053221_R105_T43REK_20251204T091915,3072,1024
data/processed/multiplace/jaipur/jaipur_00069.npy,jaipur,train,0.335044801235199,S2C_MSIL2A_20251204T053221_R105_T43REK_20251204T091915,3328,1024
data/processed/multiplace/jaipur/jaipur_00070.npy,jaipur,train,0.24720710515975952,S2C_MSIL2A_20251204T053221_R105_T43REK_20251204T091915,0,1280
data/processed/multiplace/jaipur/jaipur_00071.npy,jaipur,train,0.21456171572208405,S2C_MSIL2A_20251204T053221_R105_T43REK_20251204T091915,256,1280
data/processed/multiplace/jaipur/jaipur_00072.npy,jaipur,train,0.21028493344783783,S2C_MSIL2A_20251204T053221_R105_T43REK_20251204T091915,512,1280
data/processed/multiplace/jaipur/jaipur_00073.npy,jaipur,train,0.2189043015241623,S2C_MSIL2A_20251204T053221_R105_T43REK_20251204T091915,768,1280
data/processed/multiplace/jaipur/jaipur_00074.npy,jaipur,train,0.18147410452365875,S2C_MSIL2A_20251204T053221_R105_T43REK_20251204T091915,1024,1280
data/processed/multiplace/jaipur/jaipur_00075.npy,jaipur,train,0.14453385770320892,S2C_MSIL2A_20251204T053221_R105_T43REK_20251204T091915,1280,1280
data/processed/multiplace/jaipur/jaipur_00076.npy,jaipur,train,0.14966224133968353,S2C_MSIL2A_20251204T053221_R105_T43REK_20251204T091915,1536,1280
data/processed/multiplace/jaipur/jaipur_00077.npy,jaipur,train,0.2939765751361847,S2C_MSIL2A_20251204T053221_R105_T43REK_20251204T091915,1792,1280
data/processed/multiplace/jaipur/jaipur_00078.npy,jaipur,train,0.3690924048423767,S2C_MSIL2A_20251204T053221_R105_T43REK_20251204T091915,2048,1280
data/processed/multiplace/jaipur/jaipur_00079.npy,jaipur,train,0.3090803623199463,S2C_MSIL2A_20251204T053221_R105_T43REK_20251204T091915,2304,1280
data/processed/multiplace/jaipur/jaipur_00080.npy,jaipur,train,0.29961979389190674,S2C_MSIL2A_20251204T053221_R105_T43REK_20251204T091915,2560,1280
data/processed/multiplace/jaipur/jaipur_00081.npy,jaipur,train,0.26495087146759033,S2C_MSIL2A_20251204T053221_R105_T43REK_20251204T091915,2816,1280
data/processed/multiplace/jaipur/jaipur_00082.npy,jaipur,train,0.2870258092880249,S2C_MSIL2A_20251204T053221_R105_T43REK_20251204T091915,3072,1280
data/processed/multiplace/jaipur/jaipur_00083.npy,jaipur,train,0.3324783146381378,S2C_MSIL2A_20251204T053221_R105_T43REK_20251204T091915,3328,1280
data/processed/multiplace/jaipur/jaipur_00084.npy,jaipur,train,0.29556047916412354,S2C_MSIL2A_20251204T053221_R105_T43REK_20251204T091915,0,1536
data/processed/multiplace/jaipur/jaipur_00085.npy,jaipur,train,0.27459314465522766,S2C_MSIL2A_20251204T053221_R105_T43REK_20251204T091915,256,1536
data/processed/multiplace/jaipur/jaipur_00086.npy,jaipur,train,0.25375035405158997,S2C_MSIL2A_20251204T053221_R105_T43REK_20251204T091915,512,1536
data/processed/multiplace/jaipur/jaipur_00087.npy,jaipur,train,0.253852903842926,S2C_MSIL2A_20251204T053221_R105_T43REK_20251204T091915,768,1536
data/processed/multiplace/jaipur/jaipur_00088.npy,jaipur,train,0.16189610958099365,S2C_MSIL2A_20251204T053221_R105_T43REK_20251204T091915,1024,1536
data/processed/multiplace/jaipur/jaipur_00089.npy,jaipur,train,0.12803161144256592,S2C_MSIL2A_20251204T053221_R105_T43REK_20251204T091915,1280,1536
data/processed/multiplace/jaipur/jaipur_00090.npy,jaipur,train,0.18762607872486115,S2C_MSIL2A_20251204T053221_R105_T43REK_20251204T091915,1536,1536
data/processed/multiplace/jaipur/jaipur_00091.npy,jaipur,train,0.17096900939941406,S2C_MSIL2A_20251204T053221_R105_T43REK_20251204T091915,1792,1536
data/processed/multiplace/jaipur/jaipur_00092.npy,jaipur,train,0.24757090210914612,S2C_MSIL2A_20251204T053221_R105_T43REK_20251204T091915,2048,1536
data/processed/multiplace/jaipur/jaipur_00093.npy,jaipur,train,0.25915345549583435,S2C_MSIL2A_20251204T053221_R105_T43REK_20251204T091915,2304,1536
data/processed/multiplace/jaipur/jaipur_00094.npy,jaipur,train,0.3054622709751129,S2C_MSIL2A_20251204T053221_R105_T43REK_20251204T091915,2560,1536
data/processed/multiplace/jaipur/jaipur_00095.npy,jaipur,train,0.2959967851638794,S2C_MSIL2A_20251204T053221_R105_T43REK_20251204T091915,2816,1536
data/processed/multiplace/jaipur/jaipur_00096.npy,jaipur,train,0.2548779547214508,S2C_MSIL2A_20251204T053221_R105_T43REK_20251204T091915,3072,1536
data/processed/multiplace/jaipur/jaipur_00097.npy,jaipur,train,0.29486167430877686,S2C_MSIL2A_20251204T053221_R105_T43REK_20251204T091915,3328,1536
data/processed/multiplace/jaipur/jaipur_00098.npy,jaipur,train,0.2810170650482178,S2C_MSIL2A_20251204T053221_R105_T43REK_20251204T091915,0,1792
data/processed/multiplace/jaipur/jaipur_00099.npy,jaipur,train,0.2073780745267868,S2C_MSIL2A_20251204T053221_R105_T43REK_20251204T091915,256,1792
data/processed/multiplace/jaipur/jaipur_00100.npy,jaipur,train,0.22254826128482819,S2C_MSIL2A_20251204T053221_R105_T43REK_20251204T091915,512,1792
data/processed/multiplace/jaipur/jaipur_00101.npy,jaipur,train,0.2095952332019806,S2C_MSIL2A_20251204T053221_R105_T43REK_20251204T091915,768,1792
data/processed/multiplace/jaipur/jaipur_00102.npy,jaipur,train,0.15429361164569855,S2C_MSIL2A_20251204T053221_R105_T43REK_20251204T091915,1024,1792
data/processed/multiplace/jaipur/jaipur_00103.npy,jaipur,train,0.21988818049430847,S2C_MSIL2A_20251204T053221_R105_T43REK_20251204T091915,1280,1792
data/processed/multiplace/jaipur/jaipur_00104.npy,jaipur,train,0.21420598030090332,S2C_MSIL2A_20251204T053221_R105_T43REK_20251204T091915,1536,1792
data/processed/multiplace/jaipur/jaipur_00105.npy,jaipur,train,0.14543910324573517,S2C_MSIL2A_20251204T053221_R105_T43REK_20251204T091915,1792,1792
data/processed/multiplace/jaipur/jaipur_00106.npy,jaipur,train,0.13259336352348328,S2C_MSIL2A_20251204T053221_R105_T43REK_20251204T091915,2048,1792
data/processed/multiplace/jaipur/jaipur_00107.npy,jaipur,train,0.2450563609600067,S2C_MSIL2A_20251204T053221_R105_T43REK_20251204T091915,2304,1792
data/processed/multiplace/jaipur/jaipur_00108.npy,jaipur,train,0.3242909610271454,S2C_MSIL2A_20251204T053221_R105_T43REK_20251204T091915,2560,1792
data/processed/multiplace/jaipur/jaipur_00109.npy,jaipur,train,0.29155904054641724,S2C_MSIL2A_20251204T053221_R105_T43REK_20251204T091915,2816,1792
data/processed/multiplace/jaipur/jaipur_00110.npy,jaipur,train,0.18639060854911804,S2C_MSIL2A_20251204T053221_R105_T43REK_20251204T091915,3072,1792
data/processed/multiplace/jaipur/jaipur_00111.npy,jaipur,train,0.31500861048698425,S2C_MSIL2A_20251204T053221_R105_T43REK_20251204T091915,3328,1792
data/processed/multiplace/jaipur/jaipur_00112.npy,jaipur,train,0.22728696465492249,S2C_MSIL2A_20251204T053221_R105_T43REK_20251204T091915,0,2048
data/processed/multiplace/jaipur/jaipur_00113.npy,jaipur,train,0.23456954956054688,S2C_MSIL2A_20251204T053221_R105_T43REK_20251204T091915,256,2048
data/processed/multiplace/jaipur/jaipur_00114.npy,jaipur,train,0.23586907982826233,S2C_MSIL2A_20251204T053221_R105_T43REK_20251204T091915,512,2048
data/processed/multiplace/jaipur/jaipur_00115.npy,jaipur,train,0.21695435047149658,S2C_MSIL2A_20251204T053221_R105_T43REK_20251204T091915,768,2048
data/processed/multiplace/jaipur/jaipur_00116.npy,jaipur,train,0.14780579507350922,S2C_MSIL2A_20251204T053221_R105_T43REK_20251204T091915,1024,2048
data/processed/multiplace/jaipur/jaipur_00117.npy,jaipur,train,0.1632986217737198,S2C_MSIL2A_20251204T053221_R105_T43REK_20251204T091915,1280,2048
data/processed/multiplace/jaipur/jaipur_00118.npy,jaipur,train,0.13704289495944977,S2C_MSIL2A_20251204T053221_R105_T43REK_20251204T091915,1536,2048
data/processed/multiplace/jaipur/jaipur_00119.npy,jaipur,train,0.21017739176750183,S2C_MSIL2A_20251204T053221_R105_T43REK_20251204T091915,1792,2048
data/processed/multiplace/jaipur/jaipur_00120.npy,jaipur,train,0.1581924855709076,S2C_MSIL2A_20251204T053221_R105_T43REK_20251204T091915,2048,2048
data/processed/multiplace/jaipur/jaipur_00121.npy,jaipur,train,0.30464261770248413,S2C_MSIL2A_20251204T053221_R105_T43REK_20251204T091915,2304,2048
data/processed/multiplace/jaipur/jaipur_00122.npy,jaipur,train,0.23055684566497803,S2C_MSIL2A_20251204T053221_R105_T43REK_20251204T091915,2560,2048
data/processed/multiplace/jaipur/jaipur_00123.npy,jaipur,train,0.24314743280410767,S2C_MSIL2A_20251204T053221_R105_T43REK_20251204T091915,2816,2048
data/processed/multiplace/jaipur/jaipur_00124.npy,jaipur,train,0.24009248614311218,S2C_MSIL2A_20251204T053221_R105_T43REK_20251204T091915,3072,2048
data/processed/multiplace/jaipur/jaipur_00125.npy,jaipur,train,0.2600736618041992,S2C_MSIL2A_20251204T053221_R105_T43REK_20251204T091915,3328,2048
data/processed/multiplace/jaipur/jaipur_00126.npy,jaipur,train,0.23975065350532532,S2C_MSIL2A_20251204T053221_R105_T43REK_20251204T091915,0,2304
data/processed/multiplace/jaipur/jaipur_00127.npy,jaipur,train,0.2497473955154419,S2C_MSIL2A_20251204T053221_R105_T43REK_20251204T091915,256,2304
data/processed/multiplace/jaipur/jaipur_00128.npy,jaipur,train,0.24087025225162506,S2C_MSIL2A_20251204T053221_R105_T43REK_20251204T091915,512,2304
data/processed/multiplace/jaipur/jaipur_00129.npy,jaipur,train,0.20500893890857697,S2C_MSIL2A_20251204T053221_R105_T43REK_20251204T091915,768,2304
data/processed/multiplace/jaipur/jaipur_00130.npy,jaipur,train,0.1687372624874115,S2C_MSIL2A_20251204T053221_R105_T43REK_20251204T091915,1024,2304
data/processed/multiplace/jaipur/jaipur_00131.npy,jaipur,train,0.13925108313560486,S2C_MSIL2A_20251204T053221_R105_T43REK_20251204T091915,1280,2304
data/processed/multiplace/jaipur/jaipur_00132.npy,jaipur,train,0.1310078501701355,S2C_MSIL2A_20251204T053221_R105_T43REK_20251204T091915,1536,2304
data/processed/multiplace/jaipur/jaipur_00133.npy,jaipur,train,0.16689112782478333,S2C_MSIL2A_20251204T053221_R105_T43REK_20251204T091915,1792,2304
data/processed/multiplace/jaipur/jaipur_00134.npy,jaipur,train,0.29549485445022583,S2C_MSIL2A_20251204T053221_R105_T43REK_20251204T091915,2048,2304
data/processed/multiplace/jaipur/jaipur_00135.npy,jaipur,train,0.34472158551216125,S2C_MSIL2A_20251204T053221_R105_T43REK_20251204T091915,2304,2304
data/processed/multiplace/jaipur/jaipur_00136.npy,jaipur,train,0.2249039113521576,S2C_MSIL2A_20251204T053221_R105_T43REK_20251204T091915,2560,2304
data/processed/multiplace/jaipur/jaipur_00137.npy,jaipur,train,0.2239340841770172,S2C_MSIL2A_20251204T053221_R105_T43REK_20251204T091915,2816,2304
data/processed/multiplace/jaipur/jaipur_00138.npy,jaipur,train,0.20096008479595184,S2C_MSIL2A_20251204T053221_R105_T43REK_20251204T091915,3072,2304
data/processed/multiplace/jaipur/jaipur_00139.npy,jaipur,train,0.2639058828353882,S2C_MSIL2A_20251204T053221_R105_T43REK_20251204T091915,3328,2304
data/processed/multiplace/jaipur/jaipur_00140.npy,jaipur,train,0.22595322132110596,S2C_MSIL2A_20251204T053221_R105_T43REK_20251204T091915,0,2560
data/processed/multiplace/jaipur/jaipur_00141.npy,jaipur,train,0.24564699828624725,S2C_MSIL2A_20251204T053221_R105_T43REK_20251204T091915,256,2560
data/processed/multiplace/jaipur/jaipur_00142.npy,jaipur,train,0.2125495821237564,S2C_MSIL2A_20251204T053221_R105_T43REK_20251204T091915,512,2560
data/processed/multiplace/jaipur/jaipur_00143.npy,jaipur,train,0.23879693448543549,S2C_MSIL2A_20251204T053221_R105_T43REK_20251204T091915,768,2560
data/processed/multiplace/jaipur/jaipur_00144.npy,jaipur,train,0.21440359950065613,S2C_MSIL2A_20251204T053221_R105_T43REK_20251204T091915,1024,2560
data/processed/multiplace/jaipur/jaipur_00145.npy,jaipur,train,0.16425150632858276,S2C_MSIL2A_20251204T053221_R105_T43REK_20251204T091915,1280,2560
data/processed/multiplace/jaipur/jaipur_00146.npy,jaipur,train,0.16077585518360138,S2C_MSIL2A_20251204T053221_R105_T43REK_20251204T091915,1536,2560
data/processed/multiplace/jaipur/jaipur_00147.npy,jaipur,train,0.17391768097877502,S2C_MSIL2A_20251204T053221_R105_T43REK_20251204T091915,1792,2560
data/processed/multiplace/jaipur/jaipur_00148.npy,jaipur,train,0.19881075620651245,S2C_MSIL2A_20251204T053221_R105_T43REK_20251204T091915,2048,2560
data/processed/multiplace/jaipur/jaipur_00149.npy,jaipur,train,0.30587828159332275,S2C_MSIL2A_20251204T053221_R105_T43REK_20251204T091915,2304,2560
data/processed/multiplace/jaipur/jaipur_00150.npy,jaipur,train,0.26183003187179565,S2C_MSIL2A_20251204T053221_R105_T43REK_20251204T091915,2560,2560
data/processed/multiplace/jaipur/jaipur_00151.npy,jaipur,train,0.25227823853492737,S2C_MSIL2A_20251204T053221_R105_T43REK_20251204T091915,2816,2560
data/processed/multiplace/jaipur/jaipur_00152.npy,jaipur,train,0.24881409108638763,S2C_MSIL2A_20251204T053221_R105_T43REK_20251204T091915,3072,2560
data/processed/multiplace/jaipur/jaipur_00153.npy,jaipur,train,0.2515661418437958,S2C_MSIL2A_20251204T053221_R105_T43REK_20251204T091915,3328,2560
data/processed/multiplace/jaipur/jaipur_00154.npy,jaipur,train,0.2133530080318451,S2C_MSIL2A_20251204T053221_R105_T43REK_20251204T091915,0,2816
data/processed/multiplace/jaipur/jaipur_00155.npy,jaipur,train,0.22789981961250305,S2C_MSIL2A_20251204T053221_R105_T43REK_20251204T091915,256,2816
data/processed/multiplace/jaipur/jaipur_00156.npy,jaipur,train,0.24354460835456848,S2C_MSIL2A_20251204T053221_R105_T43REK_20251204T091915,512,2816
data/processed/multiplace/jaipur/jaipur_00157.npy,jaipur,train,0.23972775042057037,S2C_MSIL2A_20251204T053221_R105_T43REK_20251204T091915,768,2816
data/processed/multiplace/jaipur/jaipur_00158.npy,jaipur,train,0.23525413870811462,S2C_MSIL2A_20251204T053221_R105_T43REK_20251204T091915,1024,2816
data/processed/multiplace/jaipur/jaipur_00159.npy,jaipur,train,0.19374212622642517,S2C_MSIL2A_20251204T053221_R105_T43REK_20251204T091915,1280,2816
data/processed/multiplace/jaipur/jaipur_00160.npy,jaipur,train,0.15908433496952057,S2C_MSIL2A_20251204T053221_R105_T43REK_20251204T091915,1536,2816
data/processed/multiplace/jaipur/jaipur_00161.npy,jaipur,train,0.1633327603340149,S2C_MSIL2A_20251204T053221_R105_T43REK_20251204T091915,1792,2816
data/processed/multiplace/jaipur/jaipur_00162.npy,jaipur,train,0.18092167377471924,S2C_MSIL2A_20251204T053221_R105_T43REK_20251204T091915,2048,2816
data/processed/multiplace/jaipur/jaipur_00163.npy,jaipur,train,0.19779139757156372,S2C_MSIL2A_20251204T053221_R105_T43REK_20251204T091915,2304,2816
data/processed/multiplace/jaipur/jaipur_00164.npy,jaipur,train,0.23474059998989105,S2C_MSIL2A_20251204T053221_R105_T43REK_20251204T091915,2560,2816
data/processed/multiplace/jaipur/jaipur_00165.npy,jaipur,train,0.29695993661880493,S2C_MSIL2A_20251204T053221_R105_T43REK_20251204T091915,2816,2816
data/processed/multiplace/jaipur/jaipur_00166.npy,jaipur,train,0.28106486797332764,S2C_MSIL2A_20251204T053221_R105_T43REK_20251204T091915,3072,2816
data/processed/multiplace/jaipur/jaipur_00167.npy,jaipur,train,0.3291517496109009,S2C_MSIL2A_20251204T053221_R105_T43REK_20251204T091915,3328,2816
data/processed/multiplace/jaipur/jaipur_00168.npy,jaipur,train,0.2362508624792099,S2C_MSIL2A_20251204T053221_R105_T43REK_20251204T091915,0,3072
data/processed/multiplace/jaipur/jaipur_00169.npy,jaipur,train,0.24097025394439697,S2C_MSIL2A_20251204T053221_R105_T43REK_20251204T091915,256,3072
data/processed/multiplace/jaipur/jaipur_00170.npy,jaipur,train,0.21607542037963867,S2C_MSIL2A_20251204T053221_R105_T43REK_20251204T091915,512,3072
data/processed/multiplace/jaipur/jaipur_00171.npy,jaipur,train,0.2160768210887909,S2C_MSIL2A_20251204T053221_R105_T43REK_20251204T091915,768,3072
data/processed/multiplace/jaipur/jaipur_00172.npy,jaipur,train,0.28773367404937744,S2C_MSIL2A_20251204T053221_R105_T43REK_20251204T091915,1024,3072
data/processed/multiplace/jaipur/jaipur_00173.npy,jaipur,train,0.23946933448314667,S2C_MSIL2A_20251204T053221_R105_T43REK_20251204T091915,1280,3072
data/processed/multiplace/jaipur/jaipur_00174.npy,jaipur,train,0.17909103631973267,S2C_MSIL2A_20251204T053221_R105_T43REK_20251204T091915,1536,3072
data/processed/multiplace/jaipur/jaipur_00175.npy,jaipur,train,0.17001675069332123,S2C_MSIL2A_20251204T053221_R105_T43REK_20251204T091915,1792,3072
data/processed/multiplace/jaipur/jaipur_00176.npy,jaipur,train,0.17149949073791504,S2C_MSIL2A_20251204T053221_R105_T43REK_20251204T091915,2048,3072
data/processed/multiplace/jaipur/jaipur_00177.npy,jaipur,train,0.21416009962558746,S2C_MSIL2A_20251204T053221_R105_T43REK_20251204T091915,2304,3072
data/processed/multiplace/jaipur/jaipur_00178.npy,jaipur,train,0.24053217470645905,S2C_MSIL2A_20251204T053221_R105_T43REK_20251204T091915,2560,3072
data/processed/multiplace/jaipur/jaipur_00179.npy,jaipur,train,0.2651609480381012,S2C_MSIL2A_20251204T053221_R105_T43REK_20251204T091915,2816,3072
data/processed/multiplace/jaipur/jaipur_00180.npy,jaipur,train,0.31057804822921753,S2C_MSIL2A_20251204T053221_R105_T43REK_20251204T091915,3072,3072
data/processed/multiplace/jaipur/jaipur_00181.npy,jaipur,train,0.31444433331489563,S2C_MSIL2A_20251204T053221_R105_T43REK_20251204T091915,3328,3072
data/processed/multiplace/jaipur/jaipur_00182.npy,jaipur,train,0.2693229615688324,S2C_MSIL2A_20251204T053221_R105_T43REK_20251204T091915,0,3328
data/processed/multiplace/jaipur/jaipur_00183.npy,jaipur,train,0.2553229033946991,S2C_MSIL2A_20251204T053221_R105_T43REK_20251204T091915,256,3328
data/processed/multiplace/jaipur/jaipur_00184.npy,jaipur,train,0.2793653607368469,S2C_MSIL2A_20251204T053221_R105_T43REK_20251204T091915,512,3328
data/processed/multiplace/jaipur/jaipur_00185.npy,jaipur,train,0.29179680347442627,S2C_MSIL2A_20251204T053221_R105_T43REK_20251204T091915,768,3328
data/processed/multiplace/jaipur/jaipur_00186.npy,jaipur,train,0.27469298243522644,S2C_MSIL2A_20251204T053221_R105_T43REK_20251204T091915,1024,3328
data/processed/multiplace/jaipur/jaipur_00187.npy,jaipur,train,0.25760507583618164,S2C_MSIL2A_20251204T053221_R105_T43REK_20251204T091915,1280,3328
data/processed/multiplace/jaipur/jaipur_00188.npy,jaipur,train,0.2579345107078552,S2C_MSIL2A_20251204T053221_R105_T43REK_20251204T091915,1536,3328
data/processed/multiplace/jaipur/jaipur_00189.npy,jaipur,train,0.2439303994178772,S2C_MSIL2A_20251204T053221_R105_T43REK_20251204T091915,1792,3328
data/processed/multiplace/jaipur/jaipur_00190.npy,jaipur,train,0.21984058618545532,S2C_MSIL2A_20251204T053221_R105_T43REK_20251204T091915,2048,3328
data/processed/multiplace/jaipur/jaipur_00191.npy,jaipur,train,0.2178778201341629,S2C_MSIL2A_20251204T053221_R105_T43REK_20251204T091915,2304,3328
data/processed/multiplace/jaipur/jaipur_00192.npy,jaipur,train,0.26368021965026855,S2C_MSIL2A_20251204T053221_R105_T43REK_20251204T091915,2560,3328
data/processed/multiplace/jaipur/jaipur_00193.npy,jaipur,train,0.3028355538845062,S2C_MSIL2A_20251204T053221_R105_T43REK_20251204T091915,2816,3328
data/processed/multiplace/jaipur/jaipur_00194.npy,jaipur,train,0.3151528835296631,S2C_MSIL2A_20251204T053221_R105_T43REK_20251204T091915,3072,3328
data/processed/multiplace/jaipur/jaipur_00195.npy,jaipur,train,0.3214762806892395,S2C_MSIL2A_20251204T053221_R105_T43REK_20251204T091915,3328,3328
data/processed/multiplace/jaipur/jaipur_00196.npy,jaipur,train,0.2353155016899109,S2C_MSIL2A_20251204T053221_R105_T43REK_20251204T091915,0,3584
data/processed/multiplace/jaipur/jaipur_00197.npy,jaipur,train,0.24268101155757904,S2C_MSIL2A_20251204T053221_R105_T43REK_20251204T091915,256,3584
data/processed/multiplace/jaipur/jaipur_00198.npy,jaipur,train,0.2827473282814026,S2C_MSIL2A_20251204T053221_R105_T43REK_20251204T091915,512,3584
data/processed/multiplace/jaipur/jaipur_00199.npy,jaipur,train,0.263640433549881,S2C_MSIL2A_20251204T053221_R105_T43REK_20251204T091915,768,3584
data/processed/multiplace/jaipur/jaipur_00200.npy,jaipur,train,0.28429538011550903,S2C_MSIL2A_20251204T053221_R105_T43REK_20251204T091915,1024,3584
data/processed/multiplace/jaipur/jaipur_00201.npy,jaipur,train,0.26017826795578003,S2C_MSIL2A_20251204T053221_R105_T43REK_20251204T091915,1280,3584
data/processed/multiplace/jaipur/jaipur_00202.npy,jaipur,train,0.2590939998626709,S2C_MSIL2A_20251204T053221_R105_T43REK_20251204T091915,1536,3584
data/processed/multiplace/jaipur/jaipur_00203.npy,jaipur,train,0.2748391330242157,S2C_MSIL2A_20251204T053221_R105_T43REK_20251204T091915,1792,3584
data/processed/multiplace/jaipur/jaipur_00204.npy,jaipur,train,0.22495168447494507,S2C_MSIL2A_20251204T053221_R105_T43REK_20251204T091915,2048,3584
data/processed/multiplace/jaipur/jaipur_00205.npy,jaipur,train,0.24305963516235352,S2C_MSIL2A_20251204T053221_R105_T43REK_20251204T091915,2304,3584
data/processed/multiplace/jaipur/jaipur_00206.npy,jaipur,train,0.32028353214263916,S2C_MSIL2A_20251204T053221_R105_T43REK_20251204T091915,2560,3584
data/processed/multiplace/jaipur/jaipur_00207.npy,jaipur,train,0.32171007990837097,S2C_MSIL2A_20251204T053221_R105_T43REK_20251204T091915,2816,3584
data/processed/multiplace/jaipur/jaipur_00208.npy,jaipur,train,0.2938205599784851,S2C_MSIL2A_20251204T053221_R105_T43REK_20251204T091915,3072,3584
data/processed/multiplace/jaipur/jaipur_00209.npy,jaipur,train,0.2810254991054535,S2C_MSIL2A_20251204T053221_R105_T43REK_20251204T091915,3328,3584
data/processed/multiplace/bhopal/bhopal_00000.npy,bhopal,val,0.3915151357650757,S2C_MSIL2A_20260209T051951_R062_T43QGF_20260209T102711,0,0
data/processed/multiplace/bhopal/bhopal_00001.npy,bhopal,val,0.41967928409576416,S2C_MSIL2A_20260209T051951_R062_T43QGF_20260209T102711,256,0
data/processed/multiplace/bhopal/bhopal_00002.npy,bhopal,val,0.4952848255634308,S2C_MSIL2A_20260209T051951_R062_T43QGF_20260209T102711,512,0
data/processed/multiplace/bhopal/bhopal_00003.npy,bhopal,val,0.5119632482528687,S2C_MSIL2A_20260209T051951_R062_T43QGF_20260209T102711,768,0
data/processed/multiplace/bhopal/bhopal_00004.npy,bhopal,val,0.5049223303794861,S2C_MSIL2A_20260209T051951_R062_T43QGF_20260209T102711,1024,0
data/processed/multiplace/bhopal/bhopal_00005.npy,bhopal,val,0.5319120287895203,S2C_MSIL2A_20260209T051951_R062_T43QGF_20260209T102711,1280,0
data/processed/multiplace/bhopal/bhopal_00006.npy,bhopal,val,0.5344621539115906,S2C_MSIL2A_20260209T051951_R062_T43QGF_20260209T102711,1536,0
data/processed/multiplace/bhopal/bhopal_00007.npy,bhopal,val,0.46477216482162476,S2C_MSIL2A_20260209T051951_R062_T43QGF_20260209T102711,1792,0
data/processed/multiplace/bhopal/bhopal_00008.npy,bhopal,val,0.4495141804218292,S2C_MSIL2A_20260209T051951_R062_T43QGF_20260209T102711,2048,0
data/processed/multiplace/bhopal/bhopal_00009.npy,bhopal,val,0.4266723096370697,S2C_MSIL2A_20260209T051951_R062_T43QGF_20260209T102711,2304,0
data/processed/multiplace/bhopal/bhopal_00010.npy,bhopal,val,0.33314022421836853,S2C_MSIL2A_20260209T051951_R062_T43QGF_20260209T102711,2560,0
data/processed/multiplace/bhopal/bhopal_00011.npy,bhopal,val,0.4355885982513428,S2C_MSIL2A_20260209T051951_R062_T43QGF_20260209T102711,2816,0
data/processed/multiplace/bhopal/bhopal_00012.npy,bhopal,val,0.553790271282196,S2C_MSIL2A_20260209T051951_R062_T43QGF_20260209T102711,3072,0
data/processed/multiplace/bhopal/bhopal_00013.npy,bhopal,val,0.40923377871513367,S2C_MSIL2A_20260209T051951_R062_T43QGF_20260209T102711,3328,0
data/processed/multiplace/bhopal/bhopal_00014.npy,bhopal,val,0.47487789392471313,S2C_MSIL2A_20260209T051951_R062_T43QGF_20260209T102711,0,256
data/processed/multiplace/bhopal/bhopal_00015.npy,bhopal,val,0.42540308833122253,S2C_MSIL2A_20260209T051951_R062_T43QGF_20260209T102711,256,256
data/processed/multiplace/bhopal/bhopal_00016.npy,bhopal,val,0.424545556306839,S2C_MSIL2A_20260209T051951_R062_T43QGF_20260209T102711,512,256
data/processed/multiplace/bhopal/bhopal_00017.npy,bhopal,val,0.43993401527404785,S2C_MSIL2A_20260209T051951_R062_T43QGF_20260209T102711,768,256
data/processed/multiplace/bhopal/bhopal_00018.npy,bhopal,val,0.4469127655029297,S2C_MSIL2A_20260209T051951_R062_T43QGF_20260209T102711,1024,256
data/processed/multiplace/bhopal/bhopal_00019.npy,bhopal,val,0.535399854183197,S2C_MSIL2A_20260209T051951_R062_T43QGF_20260209T102711,1280,256
data/processed/multiplace/bhopal/bhopal_00020.npy,bhopal,val,0.5310319662094116,S2C_MSIL2A_20260209T051951_R062_T43QGF_20260209T102711,1536,256
data/processed/multiplace/bhopal/bhopal_00021.npy,bhopal,val,0.5172073245048523,S2C_MSIL2A_20260209T051951_R062_T43QGF_20260209T102711,1792,256
data/processed/multiplace/bhopal/bhopal_00022.npy,bhopal,val,0.4249727129936218,S2C_MSIL2A_20260209T051951_R062_T43QGF_20260209T102711,2048,256
data/processed/multiplace/bhopal/bhopal_00023.npy,bhopal,val,0.38818368315696716,S2C_MSIL2A_20260209T051951_R062_T43QGF_20260209T102711,2304,256
data/processed/multiplace/bhopal/bhopal_00024.npy,bhopal,val,0.3157949447631836,S2C_MSIL2A_20260209T051951_R062_T43QGF_20260209T102711,2560,256
data/processed/multiplace/bhopal/bhopal_00025.npy,bhopal,val,0.2857508361339569,S2C_MSIL2A_20260209T051951_R062_T43QGF_20260209T102711,2816,256
data/processed/multiplace/bhopal/bhopal_00026.npy,bhopal,val,0.5069823265075684,S2C_MSIL2A_20260209T051951_R062_T43QGF_20260209T102711,3072,256
data/processed/multiplace/bhopal/bhopal_00027.npy,bhopal,val,0.3918544054031372,S2C_MSIL2A_20260209T051951_R062_T43QGF_20260209T102711,3328,256
data/processed/multiplace/bhopal/bhopal_00028.npy,bhopal,val,0.4587145745754242,S2C_MSIL2A_20260209T051951_R062_T43QGF_20260209T102711,0,512
data/processed/multiplace/bhopal/bhopal_00029.npy,bhopal,val,0.3909725248813629,S2C_MSIL2A_20260209T051951_R062_T43QGF_20260209T102711,256,512
data/processed/multiplace/bhopal/bhopal_00030.npy,bhopal,val,0.5121201872825623,S2C_MSIL2A_20260209T051951_R062_T43QGF_20260209T102711,512,512
data/processed/multiplace/bhopal/bhopal_00031.npy,bhopal,val,0.4057298004627228,S2C_MSIL2A_20260209T051951_R062_T43QGF_20260209T102711,768,512
data/processed/multiplace/bhopal/bhopal_00032.npy,bhopal,val,0.3581063151359558,S2C_MSIL2A_20260209T051951_R062_T43QGF_20260209T102711,1024,512
data/processed/multiplace/bhopal/bhopal_00033.npy,bhopal,val,0.41892123222351074,S2C_MSIL2A_20260209T051951_R062_T43QGF_20260209T102711,1280,512
data/processed/multiplace/bhopal/bhopal_00034.npy,bhopal,val,0.4095759987831116,S2C_MSIL2A_20260209T051951_R062_T43QGF_20260209T102711,1536,512
data/processed/multiplace/bhopal/bhopal_00035.npy,bhopal,val,0.5233468413352966,S2C_MSIL2A_20260209T051951_R062_T43QGF_20260209T102711,1792,512
data/processed/multiplace/bhopal/bhopal_00036.npy,bhopal,val,0.5116261839866638,S2C_MSIL2A_20260209T051951_R062_T43QGF_20260209T102711,2048,512
data/processed/multiplace/bhopal/bhopal_00037.npy,bhopal,val,0.477821409702301,S2C_MSIL2A_20260209T051951_R062_T43QGF_20260209T102711,2304,512
data/processed/multiplace/bhopal/bhopal_00038.npy,bhopal,val,0.3922375738620758,S2C_MSIL2A_20260209T051951_R062_T43QGF_20260209T102711,2560,512
data/processed/multiplace/bhopal/bhopal_00039.npy,bhopal,val,0.21077372133731842,S2C_MSIL2A_20260209T051951_R062_T43QGF_20260209T102711,2816,512
data/processed/multiplace/bhopal/bhopal_00040.npy,bhopal,val,0.32510995864868164,S2C_MSIL2A_20260209T051951_R062_T43QGF_20260209T102711,3072,512
data/processed/multiplace/bhopal/bhopal_00041.npy,bhopal,val,0.48633822798728943,S2C_MSIL2A_20260209T051951_R062_T43QGF_20260209T102711,3328,512
data/processed/multiplace/bhopal/bhopal_00042.npy,bhopal,val,0.3563985526561737,S2C_MSIL2A_20260209T051951_R062_T43QGF_20260209T102711,0,768
data/processed/multiplace/bhopal/bhopal_00043.npy,bhopal,val,0.5249305367469788,S2C_MSIL2A_20260209T051951_R062_T43QGF_20260209T102711,256,768
data/processed/multiplace/bhopal/bhopal_00044.npy,bhopal,val,0.48151254653930664,S2C_MSIL2A_20260209T051951_R062_T43QGF_20260209T102711,512,768
data/processed/multiplace/bhopal/bhopal_00045.npy,bhopal,val,0.5413491725921631,S2C_MSIL2A_20260209T051951_R062_T43QGF_20260209T102711,768,768
data/processed/multiplace/bhopal/bhopal_00046.npy,bhopal,val,0.467281699180603,S2C_MSIL2A_20260209T051951_R062_T43QGF_20260209T102711,1024,768
data/processed/multiplace/bhopal/bhopal_00047.npy,bhopal,val,0.3245033919811249,S2C_MSIL2A_20260209T051951_R062_T43QGF_20260209T102711,1280,768
data/processed/multiplace/bhopal/bhopal_00048.npy,bhopal,val,0.37600427865982056,S2C_MSIL2A_20260209T051951_R062_T43QGF_20260209T102711,1536,768
data/processed/multiplace/bhopal/bhopal_00049.npy,bhopal,val,0.4757573902606964,S2C_MSIL2A_20260209T051951_R062_T43QGF_20260209T102711,1792,768
data/processed/multiplace/bhopal/bhopal_00050.npy,bhopal,val,0.4785762131214142,S2C_MSIL2A_20260209T051951_R062_T43QGF_20260209T102711,2048,768
data/processed/multiplace/bhopal/bhopal_00051.npy,bhopal,val,0.2525157332420349,S2C_MSIL2A_20260209T051951_R062_T43QGF_20260209T102711,2304,768
data/processed/multiplace/bhopal/bhopal_00052.npy,bhopal,val,0.292996346950531,S2C_MSIL2A_20260209T051951_R062_T43QGF_20260209T102711,2560,768
data/processed/multiplace/bhopal/bhopal_00053.npy,bhopal,val,0.28006428480148315,S2C_MSIL2A_20260209T051951_R062_T43QGF_20260209T102711,2816,768
data/processed/multiplace/bhopal/bhopal_00054.npy,bhopal,val,0.4445268511772156,S2C_MSIL2A_20260209T051951_R062_T43QGF_20260209T102711,3072,768
data/processed/multiplace/bhopal/bhopal_00055.npy,bhopal,val,0.30259430408477783,S2C_MSIL2A_20260209T051951_R062_T43QGF_20260209T102711,3328,768
data/processed/multiplace/bhopal/bhopal_00056.npy,bhopal,val,0.39240187406539917,S2C_MSIL2A_20260209T051951_R062_T43QGF_20260209T102711,0,1024
data/processed/multiplace/bhopal/bhopal_00057.npy,bhopal,val,0.473235547542572,S2C_MSIL2A_20260209T051951_R062_T43QGF_20260209T102711,256,1024
data/processed/multiplace/bhopal/bhopal_00058.npy,bhopal,val,0.4538968801498413,S2C_MSIL2A_20260209T051951_R062_T43QGF_20260209T102711,512,1024
data/processed/multiplace/bhopal/bhopal_00059.npy,bhopal,val,0.536776065826416,S2C_MSIL2A_20260209T051951_R062_T43QGF_20260209T102711,768,1024
data/processed/multiplace/bhopal/bhopal_00060.npy,bhopal,val,0.5328541398048401,S2C_MSIL2A_20260209T051951_R062_T43QGF_20260209T102711,1024,1024
data/processed/multiplace/bhopal/bhopal_00061.npy,bhopal,val,0.4931899905204773,S2C_MSIL2A_20260209T051951_R062_T43QGF_20260209T102711,1280,1024
data/processed/multiplace/bhopal/bhopal_00062.npy,bhopal,val,0.349887877702713,S2C_MSIL2A_20260209T051951_R062_T43QGF_20260209T102711,1536,1024
data/processed/multiplace/bhopal/bhopal_00063.npy,bhopal,val,0.44169509410858154,S2C_MSIL2A_20260209T051951_R062_T43QGF_20260209T102711,1792,1024
data/processed/multiplace/bhopal/bhopal_00064.npy,bhopal,val,0.4308144748210907,S2C_MSIL2A_20260209T051951_R062_T43QGF_20260209T102711,2048,1024
data/processed/multiplace/bhopal/bhopal_00065.npy,bhopal,val,0.37686145305633545,S2C_MSIL2A_20260209T051951_R062_T43QGF_20260209T102711,2304,1024
data/processed/multiplace/bhopal/bhopal_00066.npy,bhopal,val,0.25818395614624023,S2C_MSIL2A_20260209T051951_R062_T43QGF_20260209T102711,2560,1024
data/processed/multiplace/bhopal/bhopal_00067.npy,bhopal,val,0.22102469205856323,S2C_MSIL2A_20260209T051951_R062_T43QGF_20260209T102711,2816,1024
data/processed/multiplace/bhopal/bhopal_00068.npy,bhopal,val,0.17599010467529297,S2C_MSIL2A_20260209T051951_R062_T43QGF_20260209T102711,3072,1024
data/processed/multiplace/bhopal/bhopal_00069.npy,bhopal,val,0.24505332112312317,S2C_MSIL2A_20260209T051951_R062_T43QGF_20260209T102711,3328,1024
data/processed/multiplace/bhopal/bhopal_00070.npy,bhopal,val,0.3494056165218353,S2C_MSIL2A_20260209T051951_R062_T43QGF_20260209T102711,0,1280
data/processed/multiplace/bhopal/bhopal_00071.npy,bhopal,val,0.33616384863853455,S2C_MSIL2A_20260209T051951_R062_T43QGF_20260209T102711,256,1280
data/processed/multiplace/bhopal/bhopal_00072.npy,bhopal,val,0.46052777767181396,S2C_MSIL2A_20260209T051951_R062_T43QGF_20260209T102711,512,1280
data/processed/multiplace/bhopal/bhopal_00073.npy,bhopal,val,0.38019275665283203,S2C_MSIL2A_20260209T051951_R062_T43QGF_20260209T102711,768,1280
data/processed/multiplace/bhopal/bhopal_00074.npy,bhopal,val,0.3699251711368561,S2C_MSIL2A_20260209T051951_R062_T43QGF_20260209T102711,1024,1280
data/processed/multiplace/bhopal/bhopal_00075.npy,bhopal,val,0.3214275538921356,S2C_MSIL2A_20260209T051951_R062_T43QGF_20260209T102711,1280,1280
data/processed/multiplace/bhopal/bhopal_00076.npy,bhopal,val,0.3703991770744324,S2C_MSIL2A_20260209T051951_R062_T43QGF_20260209T102711,1536,1280
data/processed/multiplace/bhopal/bhopal_00077.npy,bhopal,val,0.3212909698486328,S2C_MSIL2A_20260209T051951_R062_T43QGF_20260209T102711,1792,1280
data/processed/multiplace/bhopal/bhopal_00078.npy,bhopal,val,0.4248025715351105,S2C_MSIL2A_20260209T051951_R062_T43QGF_20260209T102711,2048,1280
data/processed/multiplace/bhopal/bhopal_00079.npy,bhopal,val,0.453183650970459,S2C_MSIL2A_20260209T051951_R062_T43QGF_20260209T102711,2304,1280
data/processed/multiplace/bhopal/bhopal_00080.npy,bhopal,val,0.31258827447891235,S2C_MSIL2A_20260209T051951_R062_T43QGF_20260209T102711,2560,1280
data/processed/multiplace/bhopal/bhopal_00081.npy,bhopal,val,0.3006928265094757,S2C_MSIL2A_20260209T051951_R062_T43QGF_20260209T102711,2816,1280
data/processed/multiplace/bhopal/bhopal_00082.npy,bhopal,val,0.19670872390270233,S2C_MSIL2A_20260209T051951_R062_T43QGF_20260209T102711,3072,1280
data/processed/multiplace/bhopal/bhopal_00083.npy,bhopal,val,0.2690790593624115,S2C_MSIL2A_20260209T051951_R062_T43QGF_20260209T102711,3328,1280
data/processed/multiplace/bhopal/bhopal_00084.npy,bhopal,val,0.3547191619873047,S2C_MSIL2A_20260209T051951_R062_T43QGF_20260209T102711,0,1536
data/processed/multiplace/bhopal/bhopal_00085.npy,bhopal,val,0.35500484704971313,S2C_MSIL2A_20260209T051951_R062_T43QGF_20260209T102711,256,1536
data/processed/multiplace/bhopal/bhopal_00086.npy,bhopal,val,0.3248175084590912,S2C_MSIL2A_20260209T051951_R062_T43QGF_20260209T102711,512,1536
data/processed/multiplace/bhopal/bhopal_00087.npy,bhopal,val,0.23760336637496948,S2C_MSIL2A_20260209T051951_R062_T43QGF_20260209T102711,768,1536
data/processed/multiplace/bhopal/bhopal_00088.npy,bhopal,val,0.20108115673065186,S2C_MSIL2A_20260209T051951_R062_T43QGF_20260209T102711,1024,1536
data/processed/multiplace/bhopal/bhopal_00089.npy,bhopal,val,0.21077832579612732,S2C_MSIL2A_20260209T051951_R062_T43QGF_20260209T102711,1280,1536
data/processed/multiplace/bhopal/bhopal_00090.npy,bhopal,val,0.20326192677021027,S2C_MSIL2A_20260209T051951_R062_T43QGF_20260209T102711,1536,1536
data/processed/multiplace/bhopal/bhopal_00091.npy,bhopal,val,0.1619199514389038,S2C_MSIL2A_20260209T051951_R062_T43QGF_20260209T102711,1792,1536
data/processed/multiplace/bhopal/bhopal_00092.npy,bhopal,val,0.32020166516304016,S2C_MSIL2A_20260209T051951_R062_T43QGF_20260209T102711,2048,1536
data/processed/multiplace/bhopal/bhopal_00093.npy,bhopal,val,0.3065517246723175,S2C_MSIL2A_20260209T051951_R062_T43QGF_20260209T102711,2304,1536
data/processed/multiplace/bhopal/bhopal_00094.npy,bhopal,val,0.3591078221797943,S2C_MSIL2A_20260209T051951_R062_T43QGF_20260209T102711,2560,1536
data/processed/multiplace/bhopal/bhopal_00095.npy,bhopal,val,0.3717830181121826,S2C_MSIL2A_20260209T051951_R062_T43QGF_20260209T102711,2816,1536
data/processed/multiplace/bhopal/bhopal_00096.npy,bhopal,val,0.18239474296569824,S2C_MSIL2A_20260209T051951_R062_T43QGF_20260209T102711,3072,1536
data/processed/multiplace/bhopal/bhopal_00097.npy,bhopal,val,0.24518534541130066,S2C_MSIL2A_20260209T051951_R062_T43QGF_20260209T102711,3328,1536
data/processed/multiplace/bhopal/bhopal_00098.npy,bhopal,val,0.502947986125946,S2C_MSIL2A_20260209T051951_R062_T43QGF_20260209T102711,0,1792
data/processed/multiplace/bhopal/bhopal_00099.npy,bhopal,val,0.3849339187145233,S2C_MSIL2A_20260209T051951_R062_T43QGF_20260209T102711,256,1792
data/processed/multiplace/bhopal/bhopal_00100.npy,bhopal,val,0.4520651400089264,S2C_MSIL2A_20260209T051951_R062_T43QGF_20260209T102711,512,1792
data/processed/multiplace/bhopal/bhopal_00101.npy,bhopal,val,0.3274852931499481,S2C_MSIL2A_20260209T051951_R062_T43QGF_20260209T102711,768,1792
data/processed/multiplace/bhopal/bhopal_00102.npy,bhopal,val,0.21303211152553558,S2C_MSIL2A_20260209T051951_R062_T43QGF_20260209T102711,1024,1792
data/processed/multiplace/bhopal/bhopal_00103.npy,bhopal,val,0.18393638730049133,S2C_MSIL2A_20260209T051951_R062_T43QGF_20260209T102711,1280,1792
data/processed/multiplace/bhopal/bhopal_00104.npy,bhopal,val,0.1423502415418625,S2C_MSIL2A_20260209T051951_R062_T43QGF_20260209T102711,1536,1792
data/processed/multiplace/bhopal/bhopal_00105.npy,bhopal,val,0.1541638821363449,S2C_MSIL2A_20260209T051951_R062_T43QGF_20260209T102711,1792,1792
data/processed/multiplace/bhopal/bhopal_00106.npy,bhopal,val,0.17841356992721558,S2C_MSIL2A_20260209T051951_R062_T43QGF_20260209T102711,2048,1792
data/processed/multiplace/bhopal/bhopal_00107.npy,bhopal,val,0.1649947166442871,S2C_MSIL2A_20260209T051951_R062_T43QGF_20260209T102711,2304,1792
data/processed/multiplace/bhopal/bhopal_00108.npy,bhopal,val,0.22265607118606567,S2C_MSIL2A_20260209T051951_R062_T43QGF_20260209T102711,2560,1792
data/processed/multiplace/bhopal/bhopal_00109.npy,bhopal,val,0.29700934886932373,S2C_MSIL2A_20260209T051951_R062_T43QGF_20260209T102711,2816,1792
data/processed/multiplace/bhopal/bhopal_00110.npy,bhopal,val,0.2775113582611084,S2C_MSIL2A_20260209T051951_R062_T43QGF_20260209T102711,3072,1792
data/processed/multiplace/bhopal/bhopal_00111.npy,bhopal,val,0.23764179646968842,S2C_MSIL2A_20260209T051951_R062_T43QGF_20260209T102711,3328,1792
data/processed/multiplace/bhopal/bhopal_00112.npy,bhopal,val,0.42858636379241943,S2C_MSIL2A_20260209T051951_R062_T43QGF_20260209T102711,0,2048
data/processed/multiplace/bhopal/bhopal_00113.npy,bhopal,val,0.3998347520828247,S2C_MSIL2A_20260209T051951_R062_T43QGF_20260209T102711,256,2048
data/processed/multiplace/bhopal/bhopal_00114.npy,bhopal,val,0.3941686153411865,S2C_MSIL2A_20260209T051951_R062_T43QGF_20260209T102711,512,2048
data/processed/multiplace/bhopal/bhopal_00115.npy,bhopal,val,0.21243812143802643,S2C_MSIL2A_20260209T051951_R062_T43QGF_20260209T102711,768,2048
data/processed/multiplace/bhopal/bhopal_00116.npy,bhopal,val,0.026757381856441498,S2C_MSIL2A_20260209T051951_R062_T43QGF_20260209T102711,1024,2048
data/processed/multiplace/bhopal/bhopal_00117.npy,bhopal,val,0.03876271843910217,S2C_MSIL2A_20260209T051951_R062_T43QGF_20260209T102711,1280,2048
data/processed/multiplace/bhopal/bhopal_00118.npy,bhopal,val,0.10534057021141052,S2C_MSIL2A_20260209T051951_R062_T43QGF_20260209T102711,1536,2048
data/processed/multiplace/bhopal/bhopal_00119.npy,bhopal,val,0.16044014692306519,S2C_MSIL2A_20260209T051951_R062_T43QGF_20260209T102711,1792,2048
data/processed/multiplace/bhopal/bhopal_00120.npy,bhopal,val,0.20101924240589142,S2C_MSIL2A_20260209T051951_R062_T43QGF_20260209T102711,2048,2048
data/processed/multiplace/bhopal/bhopal_00121.npy,bhopal,val,0.2110053151845932,S2C_MSIL2A_20260209T051951_R062_T43QGF_20260209T102711,2304,2048
data/processed/multiplace/bhopal/bhopal_00122.npy,bhopal,val,0.20904017984867096,S2C_MSIL2A_20260209T051951_R062_T43QGF_20260209T102711,2560,2048
data/processed/multiplace/bhopal/bhopal_00123.npy,bhopal,val,0.4162484407424927,S2C_MSIL2A_20260209T051951_R062_T43QGF_20260209T102711,2816,2048
data/processed/multiplace/bhopal/bhopal_00124.npy,bhopal,val,0.4195347726345062,S2C_MSIL2A_20260209T051951_R062_T43QGF_20260209T102711,3072,2048
data/processed/multiplace/bhopal/bhopal_00125.npy,bhopal,val,0.3368701636791229,S2C_MSIL2A_20260209T051951_R062_T43QGF_20260209T102711,3328,2048
data/processed/multiplace/bhopal/bhopal_00126.npy,bhopal,val,0.5482372045516968,S2C_MSIL2A_20260209T051951_R062_T43QGF_20260209T102711,0,2304
data/processed/multiplace/bhopal/bhopal_00127.npy,bhopal,val,0.517893373966217,S2C_MSIL2A_20260209T051951_R062_T43QGF_20260209T102711,256,2304
data/processed/multiplace/bhopal/bhopal_00128.npy,bhopal,val,0.5097006559371948,S2C_MSIL2A_20260209T051951_R062_T43QGF_20260209T102711,512,2304
data/processed/multiplace/bhopal/bhopal_00129.npy,bhopal,val,0.44190168380737305,S2C_MSIL2A_20260209T051951_R062_T43QGF_20260209T102711,768,2304
data/processed/multiplace/bhopal/bhopal_00130.npy,bhopal,val,0.3181546628475189,S2C_MSIL2A_20260209T051951_R062_T43QGF_20260209T102711,1024,2304
data/processed/multiplace/bhopal/bhopal_00131.npy,bhopal,val,0.25099316239356995,S2C_MSIL2A_20260209T051951_R062_T43QGF_20260209T102711,1280,2304
data/processed/multiplace/bhopal/bhopal_00132.npy,bhopal,val,0.19618254899978638,S2C_MSIL2A_20260209T051951_R062_T43QGF_20260209T102711,1536,2304
data/processed/multiplace/bhopal/bhopal_00133.npy,bhopal,val,0.23246757686138153,S2C_MSIL2A_20260209T051951_R062_T43QGF_20260209T102711,1792,2304
data/processed/multiplace/bhopal/bhopal_00134.npy,bhopal,val,0.18786349892616272,S2C_MSIL2A_20260209T051951_R062_T43QGF_20260209T102711,2048,2304
data/processed/multiplace/bhopal/bhopal_00135.npy,bhopal,val,0.25233522057533264,S2C_MSIL2A_20260209T051951_R062_T43QGF_20260209T102711,2304,2304
data/processed/multiplace/bhopal/bhopal_00136.npy,bhopal,val,0.23531198501586914,S2C_MSIL2A_20260209T051951_R062_T43QGF_20260209T102711,2560,2304
data/processed/multiplace/bhopal/bhopal_00137.npy,bhopal,val,0.35870954394340515,S2C_MSIL2A_20260209T051951_R062_T43QGF_20260209T102711,2816,2304
data/processed/multiplace/bhopal/bhopal_00138.npy,bhopal,val,0.3583989143371582,S2C_MSIL2A_20260209T051951_R062_T43QGF_20260209T102711,3072,2304
data/processed/multiplace/bhopal/bhopal_00139.npy,bhopal,val,0.5311111211776733,S2C_MSIL2A_20260209T051951_R062_T43QGF_20260209T102711,3328,2304
data/processed/multiplace/bhopal/bhopal_00140.npy,bhopal,val,0.5707312226295471,S2C_MSIL2A_20260209T051951_R062_T43QGF_20260209T102711,0,2560
data/processed/multiplace/bhopal/bhopal_00141.npy,bhopal,val,0.5513726472854614,S2C_MSIL2A_20260209T051951_R062_T43QGF_20260209T102711,256,2560
data/processed/multiplace/bhopal/bhopal_00142.npy,bhopal,val,0.4875943064689636,S2C_MSIL2A_20260209T051951_R062_T43QGF_20260209T102711,512,2560
data/processed/multiplace/bhopal/bhopal_00143.npy,bhopal,val,0.31627157330513,S2C_MSIL2A_20260209T051951_R062_T43QGF_20260209T102711,768,2560
data/processed/multiplace/bhopal/bhopal_00144.npy,bhopal,val,0.23691195249557495,S2C_MSIL2A_20260209T051951_R062_T43QGF_20260209T102711,1024,2560
data/processed/multiplace/bhopal/bhopal_00145.npy,bhopal,val,0.23821888864040375,S2C_MSIL2A_20260209T051951_R062_T43QGF_20260209T102711,1280,2560
data/processed/multiplace/bhopal/bhopal_00146.npy,bhopal,val,0.10230342298746109,S2C_MSIL2A_20260209T051951_R062_T43QGF_20260209T102711,1536,2560
data/processed/multiplace/bhopal/bhopal_00147.npy,bhopal,val,0.19548124074935913,S2C_MSIL2A_20260209T051951_R062_T43QGF_20260209T102711,1792,2560
data/processed/multiplace/bhopal/bhopal_00148.npy,bhopal,val,0.2003602832555771,S2C_MSIL2A_20260209T051951_R062_T43QGF_20260209T102711,2048,2560
data/processed/multiplace/bhopal/bhopal_00149.npy,bhopal,val,0.2871691584587097,S2C_MSIL2A_20260209T051951_R062_T43QGF_20260209T102711,2304,2560
data/processed/multiplace/bhopal/bhopal_00150.npy,bhopal,val,0.29359960556030273,S2C_MSIL2A_20260209T051951_R062_T43QGF_20260209T102711,2560,2560
data/processed/multiplace/bhopal/bhopal_00151.npy,bhopal,val,0.30747708678245544,S2C_MSIL2A_20260209T051951_R062_T43QGF_20260209T102711,2816,2560
data/processed/multiplace/bhopal/bhopal_00152.npy,bhopal,val,0.5336432456970215,S2C_MSIL2A_20260209T051951_R062_T43QGF_20260209T102711,3072,2560
data/processed/multiplace/bhopal/bhopal_00153.npy,bhopal,val,0.5764369368553162,S2C_MSIL2A_20260209T051951_R062_T43QGF_20260209T102711,3328,2560
data/processed/multiplace/bhopal/bhopal_00154.npy,bhopal,val,0.5575650930404663,S2C_MSIL2A_20260209T051951_R062_T43QGF_20260209T102711,0,2816
data/processed/multiplace/bhopal/bhopal_00155.npy,bhopal,val,0.5039507150650024,S2C_MSIL2A_20260209T051951_R062_T43QGF_20260209T102711,256,2816
data/processed/multiplace/bhopal/bhopal_00156.npy,bhopal,val,0.38806459307670593,S2C_MSIL2A_20260209T051951_R062_T43QGF_20260209T102711,512,2816
data/processed/multiplace/bhopal/bhopal_00157.npy,bhopal,val,0.29524630308151245,S2C_MSIL2A_20260209T051951_R062_T43QGF_20260209T102711,768,2816
data/processed/multiplace/bhopal/bhopal_00158.npy,bhopal,val,0.2791714072227478,S2C_MSIL2A_20260209T051951_R062_T43QGF_20260209T102711,1024,2816
data/processed/multiplace/bhopal/bhopal_00159.npy,bhopal,val,0.21821662783622742,S2C_MSIL2A_20260209T051951_R062_T43QGF_20260209T102711,1280,2816
data/processed/multiplace/bhopal/bhopal_00160.npy,bhopal,val,0.25372833013534546,S2C_MSIL2A_20260209T051951_R062_T43QGF_20260209T102711,1536,2816
data/processed/multiplace/bhopal/bhopal_00161.npy,bhopal,val,0.1731729656457901,S2C_MSIL2A_20260209T051951_R062_T43QGF_20260209T102711,1792,2816
data/processed/multiplace/bhopal/bhopal_00162.npy,bhopal,val,0.19692903757095337,S2C_MSIL2A_20260209T051951_R062_T43QGF_20260209T102711,2048,2816
data/processed/multiplace/bhopal/bhopal_00163.npy,bhopal,val,0.2223527729511261,S2C_MSIL2A_20260209T051951_R062_T43QGF_20260209T102711,2304,2816
data/processed/multiplace/bhopal/bhopal_00164.npy,bhopal,val,0.286977618932724,S2C_MSIL2A_20260209T051951_R062_T43QGF_20260209T102711,2560,2816
data/processed/multiplace/bhopal/bhopal_00165.npy,bhopal,val,0.48272690176963806,S2C_MSIL2A_20260209T051951_R062_T43QGF_20260209T102711,2816,2816
data/processed/multiplace/bhopal/bhopal_00166.npy,bhopal,val,0.5744990706443787,S2C_MSIL2A_20260209T051951_R062_T43QGF_20260209T102711,3072,2816
data/processed/multiplace/bhopal/bhopal_00167.npy,bhopal,val,0.5977087616920471,S2C_MSIL2A_20260209T051951_R062_T43QGF_20260209T102711,3328,2816
data/processed/multiplace/bhopal/bhopal_00168.npy,bhopal,val,0.5351026654243469,S2C_MSIL2A_20260209T051951_R062_T43QGF_20260209T102711,0,3072
data/processed/multiplace/bhopal/bhopal_00169.npy,bhopal,val,0.47762516140937805,S2C_MSIL2A_20260209T051951_R062_T43QGF_20260209T102711,256,3072
data/processed/multiplace/bhopal/bhopal_00170.npy,bhopal,val,0.3685097098350525,S2C_MSIL2A_20260209T051951_R062_T43QGF_20260209T102711,512,3072
data/processed/multiplace/bhopal/bhopal_00171.npy,bhopal,val,0.2933114767074585,S2C_MSIL2A_20260209T051951_R062_T43QGF_20260209T102711,768,3072
data/processed/multiplace/bhopal/bhopal_00172.npy,bhopal,val,0.33837634325027466,S2C_MSIL2A_20260209T051951_R062_T43QGF_20260209T102711,1024,3072
data/processed/multiplace/bhopal/bhopal_00173.npy,bhopal,val,0.16847503185272217,S2C_MSIL2A_20260209T051951_R062_T43QGF_20260209T102711,1280,3072
data/processed/multiplace/bhopal/bhopal_00174.npy,bhopal,val,0.4061200022697449,S2C_MSIL2A_20260209T051951_R062_T43QGF_20260209T102711,1536,3072
data/processed/multiplace/bhopal/bhopal_00175.npy,bhopal,val,0.2890041768550873,S2C_MSIL2A_20260209T051951_R062_T43QGF_20260209T102711,1792,3072
data/processed/multiplace/bhopal/bhopal_00176.npy,bhopal,val,0.3416323661804199,S2C_MSIL2A_20260209T051951_R062_T43QGF_20260209T102711,2048,3072
data/processed/multiplace/bhopal/bhopal_00177.npy,bhopal,val,0.4287528395652771,S2C_MSIL2A_20260209T051951_R062_T43QGF_20260209T102711,2304,3072
data/processed/multiplace/bhopal/bhopal_00178.npy,bhopal,val,0.4224739670753479,S2C_MSIL2A_20260209T051951_R062_T43QGF_20260209T102711,2560,3072
data/processed/multiplace/bhopal/bhopal_00179.npy,bhopal,val,0.4986322224140167,S2C_MSIL2A_20260209T051951_R062_T43QGF_20260209T102711,2816,3072
data/processed/multiplace/bhopal/bhopal_00180.npy,bhopal,val,0.42736315727233887,S2C_MSIL2A_20260209T051951_R062_T43QGF_20260209T102711,3072,3072
data/processed/multiplace/bhopal/bhopal_00181.npy,bhopal,val,0.40137916803359985,S2C_MSIL2A_20260209T051951_R062_T43QGF_20260209T102711,3328,3072
data/processed/multiplace/bhopal/bhopal_00182.npy,bhopal,val,0.4681294560432434,S2C_MSIL2A_20260209T051951_R062_T43QGF_20260209T102711,0,3328
data/processed/multiplace/bhopal/bhopal_00183.npy,bhopal,val,0.439861923456192,S2C_MSIL2A_20260209T051951_R062_T43QGF_20260209T102711,256,3328
data/processed/multiplace/bhopal/bhopal_00184.npy,bhopal,val,0.32759493589401245,S2C_MSIL2A_20260209T051951_R062_T43QGF_20260209T102711,512,3328
data/processed/multiplace/bhopal/bhopal_00185.npy,bhopal,val,0.4081938862800598,S2C_MSIL2A_20260209T051951_R062_T43QGF_20260209T102711,768,3328
data/processed/multiplace/bhopal/bhopal_00186.npy,bhopal,val,0.3317951560020447,S2C_MSIL2A_20260209T051951_R062_T43QGF_20260209T102711,1024,3328
data/processed/multiplace/bhopal/bhopal_00187.npy,bhopal,val,0.20420630276203156,S2C_MSIL2A_20260209T051951_R062_T43QGF_20260209T102711,1280,3328
data/processed/multiplace/bhopal/bhopal_00188.npy,bhopal,val,0.2680366337299347,S2C_MSIL2A_20260209T051951_R062_T43QGF_20260209T102711,1536,3328
data/processed/multiplace/bhopal/bhopal_00189.npy,bhopal,val,0.45154911279678345,S2C_MSIL2A_20260209T051951_R062_T43QGF_20260209T102711,1792,3328
data/processed/multiplace/bhopal/bhopal_00190.npy,bhopal,val,0.5076205134391785,S2C_MSIL2A_20260209T051951_R062_T43QGF_20260209T102711,2048,3328
data/processed/multiplace/bhopal/bhopal_00191.npy,bhopal,val,0.5189603567123413,S2C_MSIL2A_20260209T051951_R062_T43QGF_20260209T102711,2304,3328
data/processed/multiplace/bhopal/bhopal_00192.npy,bhopal,val,0.36288172006607056,S2C_MSIL2A_20260209T051951_R062_T43QGF_20260209T102711,2560,3328
data/processed/multiplace/bhopal/bhopal_00193.npy,bhopal,val,0.48344886302948,S2C_MSIL2A_20260209T051951_R062_T43QGF_20260209T102711,2816,3328
data/processed/multiplace/bhopal/bhopal_00194.npy,bhopal,val,0.38315707445144653,S2C_MSIL2A_20260209T051951_R062_T43QGF_20260209T102711,3072,3328
data/processed/multiplace/bhopal/bhopal_00195.npy,bhopal,val,0.30593782663345337,S2C_MSIL2A_20260209T051951_R062_T43QGF_20260209T102711,3328,3328
data/processed/multiplace/bhopal/bhopal_00196.npy,bhopal,val,0.36613041162490845,S2C_MSIL2A_20260209T051951_R062_T43QGF_20260209T102711,0,3584
data/processed/multiplace/bhopal/bhopal_00197.npy,bhopal,val,0.2429933398962021,S2C_MSIL2A_20260209T051951_R062_T43QGF_20260209T102711,256,3584
data/processed/multiplace/bhopal/bhopal_00198.npy,bhopal,val,0.2905137240886688,S2C_MSIL2A_20260209T051951_R062_T43QGF_20260209T102711,512,3584
data/processed/multiplace/bhopal/bhopal_00199.npy,bhopal,val,0.338721364736557,S2C_MSIL2A_20260209T051951_R062_T43QGF_20260209T102711,768,3584
data/processed/multiplace/bhopal/bhopal_00200.npy,bhopal,val,0.23381057381629944,S2C_MSIL2A_20260209T051951_R062_T43QGF_20260209T102711,1024,3584
data/processed/multiplace/bhopal/bhopal_00201.npy,bhopal,val,0.17835678160190582,S2C_MSIL2A_20260209T051951_R062_T43QGF_20260209T102711,1280,3584
data/processed/multiplace/bhopal/bhopal_00202.npy,bhopal,val,0.2521207630634308,S2C_MSIL2A_20260209T051951_R062_T43QGF_20260209T102711,1536,3584
data/processed/multiplace/bhopal/bhopal_00203.npy,bhopal,val,0.37230122089385986,S2C_MSIL2A_20260209T051951_R062_T43QGF_20260209T102711,1792,3584
data/processed/multiplace/bhopal/bhopal_00204.npy,bhopal,val,0.5316826701164246,S2C_MSIL2A_20260209T051951_R062_T43QGF_20260209T102711,2048,3584
data/processed/multiplace/bhopal/bhopal_00205.npy,bhopal,val,0.5391319990158081,S2C_MSIL2A_20260209T051951_R062_T43QGF_20260209T102711,2304,3584
data/processed/multiplace/bhopal/bhopal_00206.npy,bhopal,val,0.50242018699646,S2C_MSIL2A_20260209T051951_R062_T43QGF_20260209T102711,2560,3584
data/processed/multiplace/bhopal/bhopal_00207.npy,bhopal,val,0.21519654989242554,S2C_MSIL2A_20260209T051951_R062_T43QGF_20260209T102711,2816,3584
data/processed/multiplace/bhopal/bhopal_00208.npy,bhopal,val,0.471171110868454,S2C_MSIL2A_20260209T051951_R062_T43QGF_20260209T102711,3072,3584
data/processed/multiplace/bhopal/bhopal_00209.npy,bhopal,val,0.44385826587677,S2C_MSIL2A_20260209T051951_R062_T43QGF_20260209T102711,3328,3584
data/processed/multiplace/hyderabad/hyderabad_00000.npy,hyderabad,test,0.2252032458782196,S2B_MSIL2A_20251213T051119_R019_T43QHV_20251213T071206,0,0
data/processed/multiplace/hyderabad/hyderabad_00001.npy,hyderabad,test,0.19396427273750305,S2B_MSIL2A_20251213T051119_R019_T43QHV_20251213T071206,256,0
data/processed/multiplace/hyderabad/hyderabad_00002.npy,hyderabad,test,0.17052720487117767,S2B_MSIL2A_20251213T051119_R019_T43QHV_20251213T071206,512,0
data/processed/multiplace/hyderabad/hyderabad_00003.npy,hyderabad,test,0.199894517660141,S2B_MSIL2A_20251213T051119_R019_T43QHV_20251213T071206,768,0
data/processed/multiplace/hyderabad/hyderabad_00004.npy,hyderabad,test,0.28251397609710693,S2B_MSIL2A_20251213T051119_R019_T43QHV_20251213T071206,1024,0
data/processed/multiplace/hyderabad/hyderabad_00005.npy,hyderabad,test,0.22913223505020142,S2B_MSIL2A_20251213T051119_R019_T43QHV_20251213T071206,1280,0
data/processed/multiplace/hyderabad/hyderabad_00006.npy,hyderabad,test,0.25443220138549805,S2B_MSIL2A_20251213T051119_R019_T43QHV_20251213T071206,1536,0
data/processed/multiplace/hyderabad/hyderabad_00007.npy,hyderabad,test,0.22332261502742767,S2B_MSIL2A_20251213T051119_R019_T43QHV_20251213T071206,1792,0
data/processed/multiplace/hyderabad/hyderabad_00008.npy,hyderabad,test,0.2731665372848511,S2B_MSIL2A_20251213T051119_R019_T43QHV_20251213T071206,2048,0
data/processed/multiplace/hyderabad/hyderabad_00009.npy,hyderabad,test,0.2657146453857422,S2B_MSIL2A_20251213T051119_R019_T43QHV_20251213T071206,2304,0
data/processed/multiplace/hyderabad/hyderabad_00010.npy,hyderabad,test,0.2650874853134155,S2B_MSIL2A_20251213T051119_R019_T43QHV_20251213T071206,2560,0
data/processed/multiplace/hyderabad/hyderabad_00011.npy,hyderabad,test,0.2751627564430237,S2B_MSIL2A_20251213T051119_R019_T43QHV_20251213T071206,2816,0
data/processed/multiplace/hyderabad/hyderabad_00012.npy,hyderabad,test,0.3244111239910126,S2B_MSIL2A_20251213T051119_R019_T43QHV_20251213T071206,3072,0
data/processed/multiplace/hyderabad/hyderabad_00013.npy,hyderabad,test,0.26559799909591675,S2B_MSIL2A_20251213T051119_R019_T43QHV_20251213T071206,3328,0
data/processed/multiplace/hyderabad/hyderabad_00014.npy,hyderabad,test,0.24628198146820068,S2B_MSIL2A_20251213T051119_R019_T43QHV_20251213T071206,3584,0
data/processed/multiplace/hyderabad/hyderabad_00015.npy,hyderabad,test,0.16963078081607819,S2B_MSIL2A_20251213T051119_R019_T43QHV_20251213T071206,0,256
data/processed/multiplace/hyderabad/hyderabad_00016.npy,hyderabad,test,0.18343742191791534,S2B_MSIL2A_20251213T051119_R019_T43QHV_20251213T071206,256,256
data/processed/multiplace/hyderabad/hyderabad_00017.npy,hyderabad,test,0.18359598517417908,S2B_MSIL2A_20251213T051119_R019_T43QHV_20251213T071206,512,256
data/processed/multiplace/hyderabad/hyderabad_00018.npy,hyderabad,test,0.1784885972738266,S2B_MSIL2A_20251213T051119_R019_T43QHV_20251213T071206,768,256
data/processed/multiplace/hyderabad/hyderabad_00019.npy,hyderabad,test,0.21192502975463867,S2B_MSIL2A_20251213T051119_R019_T43QHV_20251213T071206,1024,256
data/processed/multiplace/hyderabad/hyderabad_00020.npy,hyderabad,test,0.17830029129981995,S2B_MSIL2A_20251213T051119_R019_T43QHV_20251213T071206,1280,256
data/processed/multiplace/hyderabad/hyderabad_00021.npy,hyderabad,test,0.2325115203857422,S2B_MSIL2A_20251213T051119_R019_T43QHV_20251213T071206,1536,256
data/processed/multiplace/hyderabad/hyderabad_00022.npy,hyderabad,test,0.21551093459129333,S2B_MSIL2A_20251213T051119_R019_T43QHV_20251213T071206,1792,256
data/processed/multiplace/hyderabad/hyderabad_00023.npy,hyderabad,test,0.22616001963615417,S2B_MSIL2A_20251213T051119_R019_T43QHV_20251213T071206,2048,256
data/processed/multiplace/hyderabad/hyderabad_00024.npy,hyderabad,test,0.2661880552768707,S2B_MSIL2A_20251213T051119_R019_T43QHV_20251213T071206,2304,256
data/processed/multiplace/hyderabad/hyderabad_00025.npy,hyderabad,test,0.2937677204608917,S2B_MSIL2A_20251213T051119_R019_T43QHV_20251213T071206,2560,256
data/processed/multiplace/hyderabad/hyderabad_00026.npy,hyderabad,test,0.2653171718120575,S2B_MSIL2A_20251213T051119_R019_T43QHV_20251213T071206,2816,256
data/processed/multiplace/hyderabad/hyderabad_00027.npy,hyderabad,test,0.29396703839302063,S2B_MSIL2A_20251213T051119_R019_T43QHV_20251213T071206,3072,256
data/processed/multiplace/hyderabad/hyderabad_00028.npy,hyderabad,test,0.2564733326435089,S2B_MSIL2A_20251213T051119_R019_T43QHV_20251213T071206,3328,256
data/processed/multiplace/hyderabad/hyderabad_00029.npy,hyderabad,test,0.2466488778591156,S2B_MSIL2A_20251213T051119_R019_T43QHV_20251213T071206,3584,256
data/processed/multiplace/hyderabad/hyderabad_00030.npy,hyderabad,test,0.14877161383628845,S2B_MSIL2A_20251213T051119_R019_T43QHV_20251213T071206,0,512
data/processed/multiplace/hyderabad/hyderabad_00031.npy,hyderabad,test,0.18456271290779114,S2B_MSIL2A_20251213T051119_R019_T43QHV_20251213T071206,256,512
data/processed/multiplace/hyderabad/hyderabad_00032.npy,hyderabad,test,0.1880614459514618,S2B_MSIL2A_20251213T051119_R019_T43QHV_20251213T071206,512,512
data/processed/multiplace/hyderabad/hyderabad_00033.npy,hyderabad,test,0.14182907342910767,S2B_MSIL2A_20251213T051119_R019_T43QHV_20251213T071206,768,512
data/processed/multiplace/hyderabad/hyderabad_00034.npy,hyderabad,test,0.14910514652729034,S2B_MSIL2A_20251213T051119_R019_T43QHV_20251213T071206,1024,512
data/processed/multiplace/hyderabad/hyderabad_00035.npy,hyderabad,test,0.1973865032196045,S2B_MSIL2A_20251213T051119_R019_T43QHV_20251213T071206,1280,512
data/processed/multiplace/hyderabad/hyderabad_00036.npy,hyderabad,test,0.14961905777454376,S2B_MSIL2A_20251213T051119_R019_T43QHV_20251213T071206,1536,512
data/processed/multiplace/hyderabad/hyderabad_00037.npy,hyderabad,test,0.201894611120224,S2B_MSIL2A_20251213T051119_R019_T43QHV_20251213T071206,1792,512
data/processed/multiplace/hyderabad/hyderabad_00038.npy,hyderabad,test,0.18178492784500122,S2B_MSIL2A_20251213T051119_R019_T43QHV_20251213T071206,2048,512
data/processed/multiplace/hyderabad/hyderabad_00039.npy,hyderabad,test,0.2525116503238678,S2B_MSIL2A_20251213T051119_R019_T43QHV_20251213T071206,2304,512
data/processed/multiplace/hyderabad/hyderabad_00040.npy,hyderabad,test,0.21153880655765533,S2B_MSIL2A_20251213T051119_R019_T43QHV_20251213T071206,2560,512
data/processed/multiplace/hyderabad/hyderabad_00041.npy,hyderabad,test,0.19265083968639374,S2B_MSIL2A_20251213T051119_R019_T43QHV_20251213T071206,2816,512
data/processed/multiplace/hyderabad/hyderabad_00042.npy,hyderabad,test,0.21530146896839142,S2B_MSIL2A_20251213T051119_R019_T43QHV_20251213T071206,3072,512
data/processed/multiplace/hyderabad/hyderabad_00043.npy,hyderabad,test,0.24411740899085999,S2B_MSIL2A_20251213T051119_R019_T43QHV_20251213T071206,3328,512
data/processed/multiplace/hyderabad/hyderabad_00044.npy,hyderabad,test,0.2638096213340759,S2B_MSIL2A_20251213T051119_R019_T43QHV_20251213T071206,3584,512
data/processed/multiplace/hyderabad/hyderabad_00045.npy,hyderabad,test,0.18779943883419037,S2B_MSIL2A_20251213T051119_R019_T43QHV_20251213T071206,0,768
data/processed/multiplace/hyderabad/hyderabad_00046.npy,hyderabad,test,0.16030554473400116,S2B_MSIL2A_20251213T051119_R019_T43QHV_20251213T071206,256,768
data/processed/multiplace/hyderabad/hyderabad_00047.npy,hyderabad,test,0.1545732468366623,S2B_MSIL2A_20251213T051119_R019_T43QHV_20251213T071206,512,768
data/processed/multiplace/hyderabad/hyderabad_00048.npy,hyderabad,test,0.16095960140228271,S2B_MSIL2A_20251213T051119_R019_T43QHV_20251213T071206,768,768
data/processed/multiplace/hyderabad/hyderabad_00049.npy,hyderabad,test,0.14972814917564392,S2B_MSIL2A_20251213T051119_R019_T43QHV_20251213T071206,1024,768
data/processed/multiplace/hyderabad/hyderabad_00050.npy,hyderabad,test,0.22086027264595032,S2B_MSIL2A_20251213T051119_R019_T43QHV_20251213T071206,1280,768
data/processed/multiplace/hyderabad/hyderabad_00051.npy,hyderabad,test,0.2587042450904846,S2B_MSIL2A_20251213T051119_R019_T43QHV_20251213T071206,1536,768
data/processed/multiplace/hyderabad/hyderabad_00052.npy,hyderabad,test,0.2522515654563904,S2B_MSIL2A_20251213T051119_R019_T43QHV_20251213T071206,1792,768
data/processed/multiplace/hyderabad/hyderabad_00053.npy,hyderabad,test,0.2293180227279663,S2B_MSIL2A_20251213T051119_R019_T43QHV_20251213T071206,2048,768
data/processed/multiplace/hyderabad/hyderabad_00054.npy,hyderabad,test,0.21040356159210205,S2B_MSIL2A_20251213T051119_R019_T43QHV_20251213T071206,2304,768
data/processed/multiplace/hyderabad/hyderabad_00055.npy,hyderabad,test,0.16119413077831268,S2B_MSIL2A_20251213T051119_R019_T43QHV_20251213T071206,2560,768
data/processed/multiplace/hyderabad/hyderabad_00056.npy,hyderabad,test,0.19139166176319122,S2B_MSIL2A_20251213T051119_R019_T43QHV_20251213T071206,2816,768
data/processed/multiplace/hyderabad/hyderabad_00057.npy,hyderabad,test,0.19006316363811493,S2B_MSIL2A_20251213T051119_R019_T43QHV_20251213T071206,3072,768
data/processed/multiplace/hyderabad/hyderabad_00058.npy,hyderabad,test,0.22447741031646729,S2B_MSIL2A_20251213T051119_R019_T43QHV_20251213T071206,3328,768
data/processed/multiplace/hyderabad/hyderabad_00059.npy,hyderabad,test,0.2563200294971466,S2B_MSIL2A_20251213T051119_R019_T43QHV_20251213T071206,3584,768
data/processed/multiplace/hyderabad/hyderabad_00060.npy,hyderabad,test,0.21902324259281158,S2B_MSIL2A_20251213T051119_R019_T43QHV_20251213T071206,0,1024
data/processed/multiplace/hyderabad/hyderabad_00061.npy,hyderabad,test,0.18916544318199158,S2B_MSIL2A_20251213T051119_R019_T43QHV_20251213T071206,256,1024
data/processed/multiplace/hyderabad/hyderabad_00062.npy,hyderabad,test,0.15083932876586914,S2B_MSIL2A_20251213T051119_R019_T43QHV_20251213T071206,512,1024
data/processed/multiplace/hyderabad/hyderabad_00063.npy,hyderabad,test,0.20010828971862793,S2B_MSIL2A_20251213T051119_R019_T43QHV_20251213T071206,768,1024
data/processed/multiplace/hyderabad/hyderabad_00064.npy,hyderabad,test,0.140316903591156,S2B_MSIL2A_20251213T051119_R019_T43QHV_20251213T071206,1024,1024
data/processed/multiplace/hyderabad/hyderabad_00065.npy,hyderabad,test,0.1703501045703888,S2B_MSIL2A_20251213T051119_R019_T43QHV_20251213T071206,1280,1024
data/processed/multiplace/hyderabad/hyderabad_00066.npy,hyderabad,test,0.24184319376945496,S2B_MSIL2A_20251213T051119_R019_T43QHV_20251213T071206,1536,1024
data/processed/multiplace/hyderabad/hyderabad_00067.npy,hyderabad,test,0.18829016387462616,S2B_MSIL2A_20251213T051119_R019_T43QHV_20251213T071206,1792,1024
data/processed/multiplace/hyderabad/hyderabad_00068.npy,hyderabad,test,0.24914780259132385,S2B_MSIL2A_20251213T051119_R019_T43QHV_20251213T071206,2048,1024
data/processed/multiplace/hyderabad/hyderabad_00069.npy,hyderabad,test,0.20110678672790527,S2B_MSIL2A_20251213T051119_R019_T43QHV_20251213T071206,2304,1024
data/processed/multiplace/hyderabad/hyderabad_00070.npy,hyderabad,test,0.16663053631782532,S2B_MSIL2A_20251213T051119_R019_T43QHV_20251213T071206,2560,1024
data/processed/multiplace/hyderabad/hyderabad_00071.npy,hyderabad,test,0.2705419957637787,S2B_MSIL2A_20251213T051119_R019_T43QHV_20251213T071206,2816,1024
data/processed/multiplace/hyderabad/hyderabad_00072.npy,hyderabad,test,0.18634188175201416,S2B_MSIL2A_20251213T051119_R019_T43QHV_20251213T071206,3072,1024
data/processed/multiplace/hyderabad/hyderabad_00073.npy,hyderabad,test,0.23283229768276215,S2B_MSIL2A_20251213T051119_R019_T43QHV_20251213T071206,3328,1024
data/processed/multiplace/hyderabad/hyderabad_00074.npy,hyderabad,test,0.2518436908721924,S2B_MSIL2A_20251213T051119_R019_T43QHV_20251213T071206,3584,1024
data/processed/multiplace/hyderabad/hyderabad_00075.npy,hyderabad,test,0.23209348320960999,S2B_MSIL2A_20251213T051119_R019_T43QHV_20251213T071206,0,1280
data/processed/multiplace/hyderabad/hyderabad_00076.npy,hyderabad,test,0.24561861157417297,S2B_MSIL2A_20251213T051119_R019_T43QHV_20251213T071206,256,1280
data/processed/multiplace/hyderabad/hyderabad_00077.npy,hyderabad,test,0.15775595605373383,S2B_MSIL2A_20251213T051119_R019_T43QHV_20251213T071206,512,1280
data/processed/multiplace/hyderabad/hyderabad_00078.npy,hyderabad,test,0.12817302346229553,S2B_MSIL2A_20251213T051119_R019_T43QHV_20251213T071206,768,1280
data/processed/multiplace/hyderabad/hyderabad_00079.npy,hyderabad,test,0.16432219743728638,S2B_MSIL2A_20251213T051119_R019_T43QHV_20251213T071206,1024,1280
data/processed/multiplace/hyderabad/hyderabad_00080.npy,hyderabad,test,0.1403159499168396,S2B_MSIL2A_20251213T051119_R019_T43QHV_20251213T071206,1280,1280
data/processed/multiplace/hyderabad/hyderabad_00081.npy,hyderabad,test,0.17174716293811798,S2B_MSIL2A_20251213T051119_R019_T43QHV_20251213T071206,1536,1280
data/processed/multiplace/hyderabad/hyderabad_00082.npy,hyderabad,test,0.16442245244979858,S2B_MSIL2A_20251213T051119_R019_T43QHV_20251213T071206,1792,1280
data/processed/multiplace/hyderabad/hyderabad_00083.npy,hyderabad,test,0.15402016043663025,S2B_MSIL2A_20251213T051119_R019_T43QHV_20251213T071206,2048,1280
data/processed/multiplace/hyderabad/hyderabad_00084.npy,hyderabad,test,0.16099421679973602,S2B_MSIL2A_20251213T051119_R019_T43QHV_20251213T071206,2304,1280
data/processed/multiplace/hyderabad/hyderabad_00085.npy,hyderabad,test,0.20274542272090912,S2B_MSIL2A_20251213T051119_R019_T43QHV_20251213T071206,2560,1280
data/processed/multiplace/hyderabad/hyderabad_00086.npy,hyderabad,test,0.18244433403015137,S2B_MSIL2A_20251213T051119_R019_T43QHV_20251213T071206,2816,1280
data/processed/multiplace/hyderabad/hyderabad_00087.npy,hyderabad,test,0.2124275416135788,S2B_MSIL2A_20251213T051119_R019_T43QHV_20251213T071206,3072,1280
data/processed/multiplace/hyderabad/hyderabad_00088.npy,hyderabad,test,0.2998148798942566,S2B_MSIL2A_20251213T051119_R019_T43QHV_20251213T071206,3328,1280
data/processed/multiplace/hyderabad/hyderabad_00089.npy,hyderabad,test,0.23610582947731018,S2B_MSIL2A_20251213T051119_R019_T43QHV_20251213T071206,3584,1280
data/processed/multiplace/hyderabad/hyderabad_00090.npy,hyderabad,test,0.20759639143943787,S2B_MSIL2A_20251213T051119_R019_T43QHV_20251213T071206,0,1536
data/processed/multiplace/hyderabad/hyderabad_00091.npy,hyderabad,test,0.1821298897266388,S2B_MSIL2A_20251213T051119_R019_T43QHV_20251213T071206,256,1536
data/processed/multiplace/hyderabad/hyderabad_00092.npy,hyderabad,test,0.20257213711738586,S2B_MSIL2A_20251213T051119_R019_T43QHV_20251213T071206,512,1536
data/processed/multiplace/hyderabad/hyderabad_00093.npy,hyderabad,test,0.184950590133667,S2B_MSIL2A_20251213T051119_R019_T43QHV_20251213T071206,768,1536
data/processed/multiplace/hyderabad/hyderabad_00094.npy,hyderabad,test,0.20301970839500427,S2B_MSIL2A_20251213T051119_R019_T43QHV_20251213T071206,1024,1536
data/processed/multiplace/hyderabad/hyderabad_00095.npy,hyderabad,test,0.1729852706193924,S2B_MSIL2A_20251213T051119_R019_T43QHV_20251213T071206,1280,1536
data/processed/multiplace/hyderabad/hyderabad_00096.npy,hyderabad,test,0.11443078517913818,S2B_MSIL2A_20251213T051119_R019_T43QHV_20251213T071206,1536,1536
data/processed/multiplace/hyderabad/hyderabad_00097.npy,hyderabad,test,0.09933793544769287,S2B_MSIL2A_20251213T051119_R019_T43QHV_20251213T071206,1792,1536
data/processed/multiplace/hyderabad/hyderabad_00098.npy,hyderabad,test,0.1254144161939621,S2B_MSIL2A_20251213T051119_R019_T43QHV_20251213T071206,2048,1536
data/processed/multiplace/hyderabad/hyderabad_00099.npy,hyderabad,test,0.2798965275287628,S2B_MSIL2A_20251213T051119_R019_T43QHV_20251213T071206,2304,1536
data/processed/multiplace/hyderabad/hyderabad_00100.npy,hyderabad,test,0.18023693561553955,S2B_MSIL2A_20251213T051119_R019_T43QHV_20251213T071206,2560,1536
data/processed/multiplace/hyderabad/hyderabad_00101.npy,hyderabad,test,0.14734752476215363,S2B_MSIL2A_20251213T051119_R019_T43QHV_20251213T071206,2816,1536
data/processed/multiplace/hyderabad/hyderabad_00102.npy,hyderabad,test,0.21128565073013306,S2B_MSIL2A_20251213T051119_R019_T43QHV_20251213T071206,3072,1536
data/processed/multiplace/hyderabad/hyderabad_00103.npy,hyderabad,test,0.2933065891265869,S2B_MSIL2A_20251213T051119_R019_T43QHV_20251213T071206,3328,1536
data/processed/multiplace/hyderabad/hyderabad_00104.npy,hyderabad,test,0.2640400528907776,S2B_MSIL2A_20251213T051119_R019_T43QHV_20251213T071206,3584,1536
data/processed/multiplace/hyderabad/hyderabad_00105.npy,hyderabad,test,0.13641443848609924,S2B_MSIL2A_20251213T051119_R019_T43QHV_20251213T071206,0,1792
data/processed/multiplace/hyderabad/hyderabad_00106.npy,hyderabad,test,0.13401594758033752,S2B_MSIL2A_20251213T051119_R019_T43QHV_20251213T071206,256,1792
data/processed/multiplace/hyderabad/hyderabad_00107.npy,hyderabad,test,0.12376931309700012,S2B_MSIL2A_20251213T051119_R019_T43QHV_20251213T071206,512,1792
data/processed/multiplace/hyderabad/hyderabad_00108.npy,hyderabad,test,0.16230584681034088,S2B_MSIL2A_20251213T051119_R019_T43QHV_20251213T071206,768,1792
data/processed/multiplace/hyderabad/hyderabad_00109.npy,hyderabad,test,0.15917213261127472,S2B_MSIL2A_20251213T051119_R019_T43QHV_20251213T071206,1024,1792
data/processed/multiplace/hyderabad/hyderabad_00110.npy,hyderabad,test,0.16910824179649353,S2B_MSIL2A_20251213T051119_R019_T43QHV_20251213T071206,1280,1792
data/processed/multiplace/hyderabad/hyderabad_00111.npy,hyderabad,test,0.13639013469219208,S2B_MSIL2A_20251213T051119_R019_T43QHV_20251213T071206,1536,1792
data/processed/multiplace/hyderabad/hyderabad_00112.npy,hyderabad,test,0.1185801774263382,S2B_MSIL2A_20251213T051119_R019_T43QHV_20251213T071206,1792,1792
data/processed/multiplace/hyderabad/hyderabad_00113.npy,hyderabad,test,0.14145755767822266,S2B_MSIL2A_20251213T051119_R019_T43QHV_20251213T071206,2048,1792
data/processed/multiplace/hyderabad/hyderabad_00114.npy,hyderabad,test,0.18867386877536774,S2B_MSIL2A_20251213T051119_R019_T43QHV_20251213T071206,2304,1792
data/processed/multiplace/hyderabad/hyderabad_00115.npy,hyderabad,test,0.18312355875968933,S2B_MSIL2A_20251213T051119_R019_T43QHV_20251213T071206,2560,1792
data/processed/multiplace/hyderabad/hyderabad_00116.npy,hyderabad,test,0.22093454003334045,S2B_MSIL2A_20251213T051119_R019_T43QHV_20251213T071206,2816,1792
data/processed/multiplace/hyderabad/hyderabad_00117.npy,hyderabad,test,0.24248993396759033,S2B_MSIL2A_20251213T051119_R019_T43QHV_20251213T071206,3072,1792
data/processed/multiplace/hyderabad/hyderabad_00118.npy,hyderabad,test,0.29654550552368164,S2B_MSIL2A_20251213T051119_R019_T43QHV_20251213T071206,3328,1792
data/processed/multiplace/hyderabad/hyderabad_00119.npy,hyderabad,test,0.3790390193462372,S2B_MSIL2A_20251213T051119_R019_T43QHV_20251213T071206,3584,1792
data/processed/multiplace/hyderabad/hyderabad_00120.npy,hyderabad,test,0.06677595525979996,S2B_MSIL2A_20251213T051119_R019_T43QHV_20251213T071206,0,2048
data/processed/multiplace/hyderabad/hyderabad_00121.npy,hyderabad,test,0.215353325009346,S2B_MSIL2A_20251213T051119_R019_T43QHV_20251213T071206,256,2048
data/processed/multiplace/hyderabad/hyderabad_00122.npy,hyderabad,test,0.21968817710876465,S2B_MSIL2A_20251213T051119_R019_T43QHV_20251213T071206,512,2048
data/processed/multiplace/hyderabad/hyderabad_00123.npy,hyderabad,test,0.2242513746023178,S2B_MSIL2A_20251213T051119_R019_T43QHV_20251213T071206,768,2048
data/processed/multiplace/hyderabad/hyderabad_00124.npy,hyderabad,test,0.19701170921325684,S2B_MSIL2A_20251213T051119_R019_T43QHV_20251213T071206,1024,2048
data/processed/multiplace/hyderabad/hyderabad_00125.npy,hyderabad,test,0.1417630910873413,S2B_MSIL2A_20251213T051119_R019_T43QHV_20251213T071206,1280,2048
data/processed/multiplace/hyderabad/hyderabad_00126.npy,hyderabad,test,0.1213797777891159,S2B_MSIL2A_20251213T051119_R019_T43QHV_20251213T071206,1536,2048
data/processed/multiplace/hyderabad/hyderabad_00127.npy,hyderabad,test,0.11550001055002213,S2B_MSIL2A_20251213T051119_R019_T43QHV_20251213T071206,1792,2048
data/processed/multiplace/hyderabad/hyderabad_00128.npy,hyderabad,test,0.14890389144420624,S2B_MSIL2A_20251213T051119_R019_T43QHV_20251213T071206,2048,2048
data/processed/multiplace/hyderabad/hyderabad_00129.npy,hyderabad,test,0.15033398568630219,S2B_MSIL2A_20251213T051119_R019_T43QHV_20251213T071206,2304,2048
data/processed/multiplace/hyderabad/hyderabad_00130.npy,hyderabad,test,0.14075592160224915,S2B_MSIL2A_20251213T051119_R019_T43QHV_20251213T071206,2560,2048
data/processed/multiplace/hyderabad/hyderabad_00131.npy,hyderabad,test,0.26310667395591736,S2B_MSIL2A_20251213T051119_R019_T43QHV_20251213T071206,2816,2048
data/processed/multiplace/hyderabad/hyderabad_00132.npy,hyderabad,test,0.3119126856327057,S2B_MSIL2A_20251213T051119_R019_T43QHV_20251213T071206,3072,2048
data/processed/multiplace/hyderabad/hyderabad_00133.npy,hyderabad,test,0.384750097990036,S2B_MSIL2A_20251213T051119_R019_T43QHV_20251213T071206,3328,2048
data/processed/multiplace/hyderabad/hyderabad_00134.npy,hyderabad,test,0.3333771526813507,S2B_MSIL2A_20251213T051119_R019_T43QHV_20251213T071206,3584,2048
data/processed/multiplace/hyderabad/hyderabad_00135.npy,hyderabad,test,0.16449612379074097,S2B_MSIL2A_20251213T051119_R019_T43QHV_20251213T071206,0,2304
data/processed/multiplace/hyderabad/hyderabad_00136.npy,hyderabad,test,0.24662496149539948,S2B_MSIL2A_20251213T051119_R019_T43QHV_20251213T071206,256,2304
data/processed/multiplace/hyderabad/hyderabad_00137.npy,hyderabad,test,0.22476795315742493,S2B_MSIL2A_20251213T051119_R019_T43QHV_20251213T071206,512,2304
data/processed/multiplace/hyderabad/hyderabad_00138.npy,hyderabad,test,0.15197956562042236,S2B_MSIL2A_20251213T051119_R019_T43QHV_20251213T071206,768,2304
data/processed/multiplace/hyderabad/hyderabad_00139.npy,hyderabad,test,0.1879359781742096,S2B_MSIL2A_20251213T051119_R019_T43QHV_20251213T071206,1024,2304
data/processed/multiplace/hyderabad/hyderabad_00140.npy,hyderabad,test,0.18976345658302307,S2B_MSIL2A_20251213T051119_R019_T43QHV_20251213T071206,1280,2304
data/processed/multiplace/hyderabad/hyderabad_00141.npy,hyderabad,test,0.12140404433012009,S2B_MSIL2A_20251213T051119_R019_T43QHV_20251213T071206,1536,2304
data/processed/multiplace/hyderabad/hyderabad_00142.npy,hyderabad,test,0.09381850808858871,S2B_MSIL2A_20251213T051119_R019_T43QHV_20251213T071206,1792,2304
data/processed/multiplace/hyderabad/hyderabad_00143.npy,hyderabad,test,0.1421387791633606,S2B_MSIL2A_20251213T051119_R019_T43QHV_20251213T071206,2048,2304
data/processed/multiplace/hyderabad/hyderabad_00144.npy,hyderabad,test,0.1119803935289383,S2B_MSIL2A_20251213T051119_R019_T43QHV_20251213T071206,2304,2304
data/processed/multiplace/hyderabad/hyderabad_00145.npy,hyderabad,test,0.12449327111244202,S2B_MSIL2A_20251213T051119_R019_T43QHV_20251213T071206,2560,2304
data/processed/multiplace/hyderabad/hyderabad_00146.npy,hyderabad,test,0.26558056473731995,S2B_MSIL2A_20251213T051119_R019_T43QHV_20251213T071206,2816,2304
data/processed/multiplace/hyderabad/hyderabad_00147.npy,hyderabad,test,0.23998256027698517,S2B_MSIL2A_20251213T051119_R019_T43QHV_20251213T071206,3072,2304
data/processed/multiplace/hyderabad/hyderabad_00148.npy,hyderabad,test,0.23323705792427063,S2B_MSIL2A_20251213T051119_R019_T43QHV_20251213T071206,3328,2304
data/processed/multiplace/hyderabad/hyderabad_00149.npy,hyderabad,test,0.2352944314479828,S2B_MSIL2A_20251213T051119_R019_T43QHV_20251213T071206,3584,2304
data/processed/multiplace/hyderabad/hyderabad_00150.npy,hyderabad,test,0.24022209644317627,S2B_MSIL2A_20251213T051119_R019_T43QHV_20251213T071206,0,2560
data/processed/multiplace/hyderabad/hyderabad_00151.npy,hyderabad,test,0.18400543928146362,S2B_MSIL2A_20251213T051119_R019_T43QHV_20251213T071206,256,2560
data/processed/multiplace/hyderabad/hyderabad_00152.npy,hyderabad,test,0.034774553030729294,S2B_MSIL2A_20251213T051119_R019_T43QHV_20251213T071206,512,2560
data/processed/multiplace/hyderabad/hyderabad_00153.npy,hyderabad,test,0.21800658106803894,S2B_MSIL2A_20251213T051119_R019_T43QHV_20251213T071206,768,2560
data/processed/multiplace/hyderabad/hyderabad_00154.npy,hyderabad,test,0.2199700027704239,S2B_MSIL2A_20251213T051119_R019_T43QHV_20251213T071206,1024,2560
data/processed/multiplace/hyderabad/hyderabad_00155.npy,hyderabad,test,0.15498916804790497,S2B_MSIL2A_20251213T051119_R019_T43QHV_20251213T071206,1280,2560
data/processed/multiplace/hyderabad/hyderabad_00156.npy,hyderabad,test,0.1099960207939148,S2B_MSIL2A_20251213T051119_R019_T43QHV_20251213T071206,1536,2560
data/processed/multiplace/hyderabad/hyderabad_00157.npy,hyderabad,test,0.14758116006851196,S2B_MSIL2A_20251213T051119_R019_T43QHV_20251213T071206,1792,2560
data/processed/multiplace/hyderabad/hyderabad_00158.npy,hyderabad,test,0.2528846263885498,S2B_MSIL2A_20251213T051119_R019_T43QHV_20251213T071206,2048,2560
data/processed/multiplace/hyderabad/hyderabad_00159.npy,hyderabad,test,0.1479625254869461,S2B_MSIL2A_20251213T051119_R019_T43QHV_20251213T071206,2304,2560
data/processed/multiplace/hyderabad/hyderabad_00160.npy,hyderabad,test,0.14682675898075104,S2B_MSIL2A_20251213T051119_R019_T43QHV_20251213T071206,2560,2560
data/processed/multiplace/hyderabad/hyderabad_00161.npy,hyderabad,test,0.17570705711841583,S2B_MSIL2A_20251213T051119_R019_T43QHV_20251213T071206,2816,2560
data/processed/multiplace/hyderabad/hyderabad_00162.npy,hyderabad,test,0.17647847533226013,S2B_MSIL2A_20251213T051119_R019_T43QHV_20251213T071206,3072,2560
data/processed/multiplace/hyderabad/hyderabad_00163.npy,hyderabad,test,0.19965596497058868,S2B_MSIL2A_20251213T051119_R019_T43QHV_20251213T071206,3328,2560
data/processed/multiplace/hyderabad/hyderabad_00164.npy,hyderabad,test,0.23482351005077362,S2B_MSIL2A_20251213T051119_R019_T43QHV_20251213T071206,3584,2560
data/processed/multiplace/hyderabad/hyderabad_00165.npy,hyderabad,test,0.25609472393989563,S2B_MSIL2A_20251213T051119_R019_T43QHV_20251213T071206,0,2816
data/processed/multiplace/hyderabad/hyderabad_00166.npy,hyderabad,test,0.09315123409032822,S2B_MSIL2A_20251213T051119_R019_T43QHV_20251213T071206,256,2816
data/processed/multiplace/hyderabad/hyderabad_00167.npy,hyderabad,test,0.025732945650815964,S2B_MSIL2A_20251213T051119_R019_T43QHV_20251213T071206,512,2816
data/processed/multiplace/hyderabad/hyderabad_00168.npy,hyderabad,test,0.1815405637025833,S2B_MSIL2A_20251213T051119_R019_T43QHV_20251213T071206,768,2816
data/processed/multiplace/hyderabad/hyderabad_00169.npy,hyderabad,test,0.21324998140335083,S2B_MSIL2A_20251213T051119_R019_T43QHV_20251213T071206,1024,2816
data/processed/multiplace/hyderabad/hyderabad_00170.npy,hyderabad,test,0.14710620045661926,S2B_MSIL2A_20251213T051119_R019_T43QHV_20251213T071206,1280,2816
data/processed/multiplace/hyderabad/hyderabad_00171.npy,hyderabad,test,0.15797877311706543,S2B_MSIL2A_20251213T051119_R019_T43QHV_20251213T071206,1536,2816
data/processed/multiplace/hyderabad/hyderabad_00172.npy,hyderabad,test,0.1636275053024292,S2B_MSIL2A_20251213T051119_R019_T43QHV_20251213T071206,1792,2816
data/processed/multiplace/hyderabad/hyderabad_00173.npy,hyderabad,test,0.21310901641845703,S2B_MSIL2A_20251213T051119_R019_T43QHV_20251213T071206,2048,2816
data/processed/multiplace/hyderabad/hyderabad_00174.npy,hyderabad,test,0.18103396892547607,S2B_MSIL2A_20251213T051119_R019_T43QHV_20251213T071206,2304,2816
data/processed/multiplace/hyderabad/hyderabad_00175.npy,hyderabad,test,0.20743900537490845,S2B_MSIL2A_20251213T051119_R019_T43QHV_20251213T071206,2560,2816
data/processed/multiplace/hyderabad/hyderabad_00176.npy,hyderabad,test,0.22354383766651154,S2B_MSIL2A_20251213T051119_R019_T43QHV_20251213T071206,2816,2816
data/processed/multiplace/hyderabad/hyderabad_00177.npy,hyderabad,test,0.2126743644475937,S2B_MSIL2A_20251213T051119_R019_T43QHV_20251213T071206,3072,2816
data/processed/multiplace/hyderabad/hyderabad_00178.npy,hyderabad,test,0.2523239850997925,S2B_MSIL2A_20251213T051119_R019_T43QHV_20251213T071206,3328,2816
data/processed/multiplace/hyderabad/hyderabad_00179.npy,hyderabad,test,0.26194190979003906,S2B_MSIL2A_20251213T051119_R019_T43QHV_20251213T071206,3584,2816
data/processed/multiplace/hyderabad/hyderabad_00180.npy,hyderabad,test,0.25411659479141235,S2B_MSIL2A_20251213T051119_R019_T43QHV_20251213T071206,0,3072
data/processed/multiplace/hyderabad/hyderabad_00181.npy,hyderabad,test,0.1595102846622467,S2B_MSIL2A_20251213T051119_R019_T43QHV_20251213T071206,256,3072
data/processed/multiplace/hyderabad/hyderabad_00182.npy,hyderabad,test,0.2139112651348114,S2B_MSIL2A_20251213T051119_R019_T43QHV_20251213T071206,512,3072
data/processed/multiplace/hyderabad/hyderabad_00183.npy,hyderabad,test,0.25574082136154175,S2B_MSIL2A_20251213T051119_R019_T43QHV_20251213T071206,768,3072
data/processed/multiplace/hyderabad/hyderabad_00184.npy,hyderabad,test,0.22279830276966095,S2B_MSIL2A_20251213T051119_R019_T43QHV_20251213T071206,1024,3072
data/processed/multiplace/hyderabad/hyderabad_00185.npy,hyderabad,test,0.27554038166999817,S2B_MSIL2A_20251213T051119_R019_T43QHV_20251213T071206,1280,3072
data/processed/multiplace/hyderabad/hyderabad_00186.npy,hyderabad,test,0.22700639069080353,S2B_MSIL2A_20251213T051119_R019_T43QHV_20251213T071206,1536,3072
data/processed/multiplace/hyderabad/hyderabad_00187.npy,hyderabad,test,0.22613653540611267,S2B_MSIL2A_20251213T051119_R019_T43QHV_20251213T071206,1792,3072
data/processed/multiplace/hyderabad/hyderabad_00188.npy,hyderabad,test,0.24953565001487732,S2B_MSIL2A_20251213T051119_R019_T43QHV_20251213T071206,2048,3072
data/processed/multiplace/hyderabad/hyderabad_00189.npy,hyderabad,test,0.22305424511432648,S2B_MSIL2A_20251213T051119_R019_T43QHV_20251213T071206,2304,3072
data/processed/multiplace/hyderabad/hyderabad_00190.npy,hyderabad,test,0.2552398443222046,S2B_MSIL2A_20251213T051119_R019_T43QHV_20251213T071206,2560,3072
data/processed/multiplace/hyderabad/hyderabad_00191.npy,hyderabad,test,0.1877111941576004,S2B_MSIL2A_20251213T051119_R019_T43QHV_20251213T071206,2816,3072
data/processed/multiplace/hyderabad/hyderabad_00192.npy,hyderabad,test,0.24472878873348236,S2B_MSIL2A_20251213T051119_R019_T43QHV_20251213T071206,3072,3072
data/processed/multiplace/hyderabad/hyderabad_00193.npy,hyderabad,test,0.2720031440258026,S2B_MSIL2A_20251213T051119_R019_T43QHV_20251213T071206,3328,3072
data/processed/multiplace/hyderabad/hyderabad_00194.npy,hyderabad,test,0.2813184857368469,S2B_MSIL2A_20251213T051119_R019_T43QHV_20251213T071206,3584,3072
data/processed/multiplace/hyderabad/hyderabad_00195.npy,hyderabad,test,0.2354547083377838,S2B_MSIL2A_20251213T051119_R019_T43QHV_20251213T071206,0,3328
data/processed/multiplace/hyderabad/hyderabad_00196.npy,hyderabad,test,0.24078866839408875,S2B_MSIL2A_20251213T051119_R019_T43QHV_20251213T071206,256,3328
data/processed/multiplace/hyderabad/hyderabad_00197.npy,hyderabad,test,0.25162258744239807,S2B_MSIL2A_20251213T051119_R019_T43QHV_20251213T071206,512,3328
data/processed/multiplace/hyderabad/hyderabad_00198.npy,hyderabad,test,0.2177262157201767,S2B_MSIL2A_20251213T051119_R019_T43QHV_20251213T071206,768,3328
data/processed/multiplace/hyderabad/hyderabad_00199.npy,hyderabad,test,0.308275431394577,S2B_MSIL2A_20251213T051119_R019_T43QHV_20251213T071206,1024,3328
data/processed/multiplace/hyderabad/hyderabad_00200.npy,hyderabad,test,0.3026145398616791,S2B_MSIL2A_20251213T051119_R019_T43QHV_20251213T071206,1280,3328
data/processed/multiplace/hyderabad/hyderabad_00201.npy,hyderabad,test,0.22491371631622314,S2B_MSIL2A_20251213T051119_R019_T43QHV_20251213T071206,1536,3328
data/processed/multiplace/hyderabad/hyderabad_00202.npy,hyderabad,test,0.28906169533729553,S2B_MSIL2A_20251213T051119_R019_T43QHV_20251213T071206,1792,3328
data/processed/multiplace/hyderabad/hyderabad_00203.npy,hyderabad,test,0.31330254673957825,S2B_MSIL2A_20251213T051119_R019_T43QHV_20251213T071206,2048,3328
data/processed/multiplace/hyderabad/hyderabad_00204.npy,hyderabad,test,0.24681012332439423,S2B_MSIL2A_20251213T051119_R019_T43QHV_20251213T071206,2304,3328
data/processed/multiplace/hyderabad/hyderabad_00205.npy,hyderabad,test,0.2460820972919464,S2B_MSIL2A_20251213T051119_R019_T43QHV_20251213T071206,2560,3328
data/processed/multiplace/hyderabad/hyderabad_00206.npy,hyderabad,test,0.2388279289007187,S2B_MSIL2A_20251213T051119_R019_T43QHV_20251213T071206,2816,3328
data/processed/multiplace/hyderabad/hyderabad_00207.npy,hyderabad,test,0.23657020926475525,S2B_MSIL2A_20251213T051119_R019_T43QHV_20251213T071206,3072,3328
data/processed/multiplace/hyderabad/hyderabad_00208.npy,hyderabad,test,0.2547231912612915,S2B_MSIL2A_20251213T051119_R019_T43QHV_20251213T071206,3328,3328
data/processed/multiplace/hyderabad/hyderabad_00209.npy,hyderabad,test,0.3048563003540039,S2B_MSIL2A_20251213T051119_R019_T43QHV_20251213T071206,3584,3328
data/processed/multiplace/hyderabad/hyderabad_00210.npy,hyderabad,test,0.2569260597229004,S2B_MSIL2A_20251213T051119_R019_T43QHV_20251213T071206,0,3584
data/processed/multiplace/hyderabad/hyderabad_00211.npy,hyderabad,test,0.24119241535663605,S2B_MSIL2A_20251213T051119_R019_T43QHV_20251213T071206,256,3584
data/processed/multiplace/hyderabad/hyderabad_00212.npy,hyderabad,test,0.2665015757083893,S2B_MSIL2A_20251213T051119_R019_T43QHV_20251213T071206,512,3584
data/processed/multiplace/hyderabad/hyderabad_00213.npy,hyderabad,test,0.2515426278114319,S2B_MSIL2A_20251213T051119_R019_T43QHV_20251213T071206,768,3584
data/processed/multiplace/hyderabad/hyderabad_00214.npy,hyderabad,test,0.2752562165260315,S2B_MSIL2A_20251213T051119_R019_T43QHV_20251213T071206,1024,3584
data/processed/multiplace/hyderabad/hyderabad_00215.npy,hyderabad,test,0.18765535950660706,S2B_MSIL2A_20251213T051119_R019_T43QHV_20251213T071206,1280,3584
data/processed/multiplace/hyderabad/hyderabad_00216.npy,hyderabad,test,0.23590365052223206,S2B_MSIL2A_20251213T051119_R019_T43QHV_20251213T071206,1536,3584
data/processed/multiplace/hyderabad/hyderabad_00217.npy,hyderabad,test,0.29087910056114197,S2B_MSIL2A_20251213T051119_R019_T43QHV_20251213T071206,1792,3584
data/processed/multiplace/hyderabad/hyderabad_00218.npy,hyderabad,test,0.22057729959487915,S2B_MSIL2A_20251213T051119_R019_T43QHV_20251213T071206,2048,3584
data/processed/multiplace/hyderabad/hyderabad_00219.npy,hyderabad,test,0.24984782934188843,S2B_MSIL2A_20251213T051119_R019_T43QHV_20251213T071206,2304,3584
data/processed/multiplace/hyderabad/hyderabad_00220.npy,hyderabad,test,0.24624356627464294,S2B_MSIL2A_20251213T051119_R019_T43QHV_20251213T071206,2560,3584
data/processed/multiplace/hyderabad/hyderabad_00221.npy,hyderabad,test,0.2571977972984314,S2B_MSIL2A_20251213T051119_R019_T43QHV_20251213T071206,2816,3584
data/processed/multiplace/hyderabad/hyderabad_00222.npy,hyderabad,test,0.2682479918003082,S2B_MSIL2A_20251213T051119_R019_T43QHV_20251213T071206,3072,3584
data/processed/multiplace/hyderabad/hyderabad_00223.npy,hyderabad,test,0.26461663842201233,S2B_MSIL2A_20251213T051119_R019_T43QHV_20251213T071206,3328,3584
data/processed/multiplace/hyderabad/hyderabad_00224.npy,hyderabad,test,0.2704985439777374,S2B_MSIL2A_20251213T051119_R019_T43QHV_20251213T071206,3584,3584
